,name,CAS,smiles,Incineration,Recycling,Bio-treatment,VOC emissions,Environment - water,Environment - air,Health,Exposure,Flamability,Stability,waste_score,environment_score,health_score,safety_score,total_score
0,"1,2-Dichloroethane",107-06-2,ClCCCl,2,7,5,5,9,7,1,2,5,10,4.3253077270721105,7.937253933193772,1.4142135623730951,7.0710678118654755,4.30449117185317
1,Acetic acid,64-19-7,CC(=O)O,3,5,4,7,8,4,7,5,8,6,4.52701905583787,5.656854249492381,5.916079783099616,6.928203230275509,5.6919422898266525
2,Toluene,108-88-3,Cc1ccccc1,10,7,6,7,7,2,7,6,5,10,7.363543090585118,3.7416573867739413,6.48074069840786,7.0710678118654755,5.960945133413365
3,p-Xylene,106-42-3,Cc1ccc(C)cc1,10,9,6,7,5,2,7,7,5,10,7.8410270115436775,3.1622776601683795,7.0,7.0710678118654755,5.918872680106462
4,Acetone,67-64-1,CC(C)=O,5,6,2,2,10,6,10,6,4,9,3.309750919646873,7.745966692414834,7.745966692414834,6.0,5.875224322100119
5,Cyclohexanone,108-94-1,O=C1CCCCC1,7,8,6,8,8,6,7,6,8,9,7.200411487357017,6.928203230275509,6.48074069840786,8.48528137423857,7.2371438838068265
6,Ethylene glycol,107-21-1,OCCO,4,5,5,10,10,8,7,10,10,10,5.62341325190349,8.94427190999916,8.366600265340756,10.0,8.05422028269938
7,Cyclohexane,110-82-7,C1CCCCC1,10,6,5,4,3,5,10,6,2,10,5.885661912765424,3.872983346207417,7.745966692414834,4.47213595499958,5.301001059352606
8,"1,4-Dioxane",123-91-1,C1COCCO1,4,1,3,6,8,4,4,3,4,6,2.9129506302439405,5.656854249492381,3.4641016151377544,4.898979485566356,4.089319931471356
9,Pyridine,110-86-1,c1ccncc1,3,6,2,7,7,3,4,4,8,9,3.9842826037302554,4.58257569495584,4.0,8.48528137423857,4.989379123340675
10,Dimethyl sulphoxide,67-68-5,CS(C)=O,3,4,4,9,8,6,7,9,9,5,4.559014113909556,6.928203230275509,7.937253933193772,6.708203932499369,6.403862843891675
11,n-Hexane,110-54-3,CCCCCC,10,8,4,3,3,5,7,4,2,10,5.566315367427482,3.872983346207417,5.291502622129181,4.47213595499958,4.752551840563888
12,n-Heptane,142-82-5,CCCCCCC,10,4,5,6,3,5,10,6,3,10,5.885661912765424,3.872983346207417,7.745966692414834,5.477225575051661,5.576597483129146
13,Methylcyclohexane,108-87-2,CC1CCCCC1,10,4,5,6,1,5,10,7,3,10,5.885661912765424,2.23606797749979,8.366600265340756,5.477225575051661,4.955614217610832
14,Diethyl ether,60-29-7,CCOCC,7,7,3,1,5,3,10,4,2,6,3.4820045452270936,3.872983346207417,6.324555320336759,3.4641016151377544,4.145948427337866
15,Carbon tetrachloride,56-23-5,ClC(Cl)(Cl)Cl,3,7,5,4,4,1,4,1,4,10,4.52701905583787,2.0,2.0,6.324555320336759,3.271339197201793
16,Methanol,67-56-1,CO,4,7,3,3,10,7,4,6,5,10,3.9842826037302554,8.366600265340756,4.898979485566356,7.0710678118654755,5.829381046223041
17,Ethanol,64-17-5,CCO,5,5,3,4,9,5,10,8,6,10,4.161791450287817,6.708203932499369,8.94427190999916,7.745966692414834,6.631729404443448
18,4-Methyl-2-pentanone,108-10-1,CC(=O)CC(C)C,7,8,5,7,9,3,7,6,7,9,6.653712290320142,5.196152422706632,6.48074069840786,7.937253933193772,6.4939689078952725
19,Isopropyl acetate,108-21-4,CC(=O)OC(C)C,6,7,5,5,9,5,10,6,6,10,5.692425097622216,6.708203932499369,7.745966692414834,7.745966692414834,6.9185280811864045
20,Acetonitrile,75-05-8,CC#N,3,5,1,4,10,8,7,5,6,10,2.7831576837137404,8.94427190999916,5.916079783099616,7.745966692414834,5.81163209303404
21,"N,N-Dimethyl formamide",68-12-2,CN(C)C=O,3,6,3,8,10,4,1,6,9,9,4.559014113909556,6.324555320336759,2.449489742783178,9.0,5.021168165969804
22,Chlorobenzene,108-90-7,Clc1ccccc1,4,9,7,7,2,7,4,4,8,10,6.48074069840786,3.7416573867739413,4.0,8.94427190999916,5.427169829878228
23,N-Methyl-pyrrolidin-2-one,872-50-4,CN1CCCC1=O,3,4,3,10,10,6,1,9,9,9,4.355877174692863,7.745966692414834,3.0,9.0,5.493874744114113
24,Propylene carbonate,108-32-7,CC1COC(=O)O1,4,5,6,10,10,10,10,10,10,10,5.885661912765424,10.0,10.0,10.0,8.758885072168349
25,Nitromethane,75-52-5,C[N+](=O)[O-],2,1,4,6,6,8,7,5,7,1,2.632148025904985,6.928203230275509,5.916079783099616,2.6457513110645907,4.110347052181656
26,Ethyl acetate,141-78-6,CCOC(C)=O,5,6,5,4,9,5,10,7,5,10,4.949232003839765,6.708203932499369,8.366600265340756,7.0710678118654755,6.6572447357124975
27,Methyl ethyl ketone,78-93-3,CCC(C)=O,5,5,3,4,8,4,10,6,5,9,4.161791450287817,5.656854249492381,7.745966692414834,6.708203932499369,5.91404052632504
28,1-Butanol,71-36-3,CCCCO,6,7,5,8,9,3,7,7,8,9,6.402171745887359,5.196152422706632,7.0,8.48528137423857,6.667198304732312
29,2-Propanol,67-63-0,CC(C)O,5,5,3,5,8,7,10,6,6,8,4.400558683966967,7.483314773547883,7.745966692414834,6.928203230275509,6.483723986746771
30,Chloroform,67-66-3,ClC(Cl)Cl,3,9,5,3,7,5,4,1,5,10,4.486046343663661,5.916079783099616,2.0,7.0710678118654755,4.401525213096705
31,n-Pentane,109-66-0,CCCCC,10,10,4,1,3,6,10,5,2,10,4.472135954999579,4.242640687119285,7.0710678118654755,4.47213595499958,4.949232003839765
32,Dichloromethane,75-09-2,ClCCl,2,10,4,1,8,6,7,4,4,10,2.9906975624424406,6.928203230275509,5.291502622129181,6.324555320336759,5.131573239667126
33,Benzene,71-43-2,c1ccccc1,9,6,6,4,7,5,1,1,3,10,6.0,5.916079783099616,1.0,5.477225575051661,3.734104563103068
34,Tetrahydrofuran,109-99-9,C1CCOC1,5,5,2,3,9,3,7,5,4,6,3.499635511580583,5.196152422706632,5.916079783099616,4.898979485566356,4.791385176957271
35,Mesitylene,108-67-8,Cc1cc(C)cc(C)c1,10,8,7,8,3,3,7,8,6,10,8.181246978470094,3.0,7.483314773547883,7.745966692414834,6.141544446980825
36,Water,7732-18-5,O,4,2,4,6,10,8,10,9,8,10,3.7224194364083982,8.94427190999916,9.486832980505138,8.94427190999916,7.290530601480764
37,t-Butanol,75-65-0,CC(C)(C)O,5,5,3,5,9,7,7,5,6,10,4.400558683966967,7.937253933193772,5.916079783099616,7.745966692414834,6.325166101566699
38,t-Butyl methyl ether,1634-04-4,COC(C)(C)C,7,8,4,2,7,5,7,4,3,9,4.600653267582412,5.916079783099616,5.291502622129181,5.196152422706632,5.230324158425241
39,2-Methoxyethanol,109-86-4,COCCO,4,5,4,7,10,5,1,2,8,6,4.864598558195574,7.0710678118654755,1.4142135623730951,6.928203230275509,4.284665339765966
40,Isoamyl alcohol,123-51-3,CC(C)CCO,7,8,6,8,9,3,10,9,9,9,7.200411487357017,5.196152422706632,9.486832980505138,9.0,7.517972635180733
41,"1,2-Dimethoxyethane",110-71-4,COCCOC,4,4,3,5,8,7,1,4,4,6,3.9359793425308607,7.483314773547883,2.0,4.898979485566356,4.121645257462457
42,Diisopropyl ether,108-20-3,CC(C)OC(C)C,9,7,6,3,5,4,10,6,4,3,5.803009260803008,4.47213595499958,7.745966692414834,3.4641016151377544,5.136988901412334
43,Solketal,100-79-8,CC1(C)OCC(CO)O1,6,5,5,10,4,6,4,8,10,10,6.223329772884783,4.898979485566356,5.656854249492381,10.0,6.444301578333063
44,d-Limonene,5989-27-5,C=C(C)C1CC=C(C)CC1,10,8,7,9,3,3,4,7,5,10,8.425731861221042,3.0,5.291502622129181,7.0710678118654755,5.545595985790525
45,"1,2-Dichlorobenzene",95-50-1,Clc1ccccc1Cl,4,8,6,7,1,6,7,6,8,10,6.054800208070183,2.449489742783178,6.48074069840786,8.94427190999916,5.414848002476297
46,Sulpholane,126-33-0,O=S1(=O)CCCC1,3,5,5,10,6,6,1,10,10,10,5.233175696960528,6.0,3.1622776601683795,10.0,5.613440731134346
47,Triethylamine,121-44-8,CCN(CC)CC,4,4,1,5,8,3,4,3,5,6,2.9906975624424406,4.898979485566356,3.4641016151377544,5.477225575051661,4.083262892640373
48,Dimethyl carbonate,616-38-6,COC(=O)OC,4,3,5,5,9,7,10,6,6,10,4.161791450287817,7.937253933193772,7.745966692414834,7.745966692414834,6.672298384944014
49,Isobutanol,78-83-1,CC(C)CO,6,3,5,7,10,6,7,7,8,9,5.009970139234591,7.745966692414834,7.0,8.48528137423857,6.928971303501658
50,1-Propanol,71-23-8,CCCO,5,3,3,6,10,4,10,7,8,10,4.053600464421104,6.324555320336759,8.366600265340756,8.94427190999916,6.61822057693441
51,Methyl acetate,79-20-9,COC(C)=O,4,7,3,2,9,6,10,6,4,10,3.600205743678508,7.3484692283495345,7.745966692414834,6.324555320336759,6.000085724695515
52,"N,N-Dimethyl acetamide",127-19-5,CC(=O)N(C)C,3,6,3,9,10,6,1,7,9,9,4.6952537402198615,7.745966692414834,2.6457513110645907,9.0,5.424772821006459
53,Glycerol triacetate,102-76-1,CC(=O)OCC(COC(C)=O)OC(C)=O,5,5,7,10,9,10,10,10,9,10,6.467843638084008,9.486832980505138,10.0,9.486832980505138,8.734750522593574
54,Ethyl lactate,97-64-3,CCOC(=O)C(C)O,4,6,4,8,9,6,4,6,8,10,5.26429605180997,7.3484692283495345,4.898979485566356,8.94427190999916,6.416481549814619
55,2-Butanol,78-92-2,CCC(C)O,5,3,3,6,10,4,10,7,8,9,4.053600464421104,6.324555320336759,8.366600265340756,8.48528137423857,6.5316296410480605
56,Butyl acetate,123-86-4,CCCCOC(C)=O,8,9,7,8,8,3,10,8,8,10,7.96856520746051,4.898979485566356,8.94427190999916,8.94427190999916,7.475563496415889
57,Di(ethylene glycol),111-46-6,OCCOCCO,4,5,5,10,10,8,7,10,10,9,5.62341325190349,8.94427190999916,8.366600265340756,9.486832980505138,7.948841130704294
58,Carbon disulphide,75-15-0,S=C=S,4,8,7,1,6,4,4,1,1,6,3.8686728405353383,4.898979485566356,2.0,2.449489742783178,3.1041543766443995
59,"1,2-Propanediol",57-55-6,CC(O)CO,4,5,5,10,10,6,7,10,10,10,5.62341325190349,7.745966692414834,8.366600265340756,10.0,7.76973418771297
60,Cyclopentyl methyl ether,5614-37-9,COC1CCCC1,8,4,5,6,4,3,4,4,6,9,5.566315367427482,3.4641016151377544,4.0,7.3484692283495345,4.8792584805034735
61,Anisole,100-66-3,COc1ccccc1,8,8,8,8,7,6,7,8,7,9,7.999999999999998,6.48074069840786,7.483314773547883,7.937253933193772,7.449373164410006
62,Ethyl formate,109-94-4,CCOC=O,5,8,4,2,8,7,10,5,4,10,4.229485053762256,7.483314773547883,7.0710678118654755,6.324555320336759,6.1337225368079356
63,p-Cymene,99-87-6,Cc1ccc(C(C)C)cc1,10,8,7,9,3,2,10,6,6,9,8.425731861221042,2.449489742783178,7.745966692414834,7.3484692283495345,5.8544882822987665
64,Cyrene,53716-82-8,O=C1CCC2COC1O2,4,4,5,10,9,6,4,8,10,10,5.3182958969449885,7.3484692283495345,5.656854249492381,10.0,6.857030661802528
65,Cyclopentanone,120-92-3,O=C1CCCC1,8,9,6,7,10,5,7,6,8,10,7.415585502134682,7.0710678118654755,6.48074069840786,8.94427190999916,7.4250609312153975
66,2-Methyltetrahydrofuran,96-47-9,CC1CCCO1,6,5,3,4,7,4,4,3,4,6,4.355877174692863,5.291502622129181,3.4641016151377544,4.898979485566356,4.447210856061633
67,Glycerol,56-81-5,OCC(O)CO,4,5,5,10,10,8,4,10,10,10,5.62341325190349,8.94427190999916,6.324555320336759,10.0,7.510065889329079
68,у-Valerolactone,108-29-2,CC1CCC(=O)O1,8,7,10,9,10,6,4,7,9,10,8.425731861221042,7.745966692414834,5.291502622129181,9.486832980505138,7.565643662628719
69,"2,2,2-Trifluoroethanol",75-89-8,OCC(F)(F)F,1,5,2,4,5,4,1,1,6,9,2.514866859365871,4.47213595499958,1.0,7.3484692283495345,3.0151347002979265
70,Dimethyl isosorbide,5306-85-4,CO[C@H]1CO[C@H]2[C@@H]1OC[C@H]2OC,4,4,5,10,9,6,4,9,9,8,5.3182958969449885,7.3484692283495345,6.0,8.48528137423857,6.678773553948795
71,Fluorobenzene,462-06-6,Fc1ccccc1,4,7,5,4,3,4,4,3,4,10,4.864598558195574,3.4641016151377544,3.4641016151377544,6.324555320336759,4.383434910539694
72,Ethylene carbonate,96-49-1,O=C1OCCO1,3,5,5,10,10,10,7,10,10,9,5.233175696960528,10.0,8.366600265340756,9.486832980505138,8.028028353099787
73,2-Methyl-2-butanol,75-85-4,CCC(C)(C)O,6,3,4,7,9,5,7,6,8,10,4.738137220537587,6.708203932499369,6.48074069840786,8.94427190999916,6.551577495091646
74,3-Pentanone,96-22-0,CCC(=O)CC,7,3,5,6,10,4,10,7,7,9,5.009970139234591,6.324555320336759,8.366600265340756,7.937253933193772,6.772844536361851
75,Isoamyl acetate,123-92-2,CC(=O)OCCC(C)C,9,9,8,8,4,6,7,8,8,10,8.48528137423857,4.898979485566356,7.483314773547883,8.94427190999916,7.2627771580378955
76,Isooctane,540-84-1,CC(C)CC(C)(C)C,10,4,5,6,2,5,10,7,3,10,5.885661912765424,3.1622776601683795,8.366600265340756,5.477225575051661,5.404135624410503
77,Isobutyl acetate,110-19-0,CC(=O)OCC(C)C,7,9,8,6,9,6,10,6,8,10,7.415585502134682,7.3484692283495345,7.745966692414834,8.94427190999916,7.838640306386883
78,1-Octanol,111-87-5,CCCCCCCCO,9,7,8,10,5,4,7,10,9,10,8.425731861221042,4.47213595499958,8.366600265340756,9.486832980505138,7.395171101170561
79,Benzyl alcohol,100-51-6,OCc1ccccc1,7,6,6,10,8,6,7,9,10,8,7.0851677179897825,6.928203230275509,7.937253933193772,8.94427190999916,7.683277260599761
80,Tri(ethylene glycol),112-27-6,OCCOCCOCCO,4,5,5,10,9,6,10,10,10,9,5.62341325190349,7.3484692283495345,10.0,9.486832980505138,7.912788062388753
81,Diethylene glycol monobutyl ether,112-34-5,CCCCOCCOCCO,4,4,4,10,9,8,7,10,9,6,5.029733718731741,8.48528137423857,8.366600265340756,7.3484692283495345,7.157136257832994
82,Acetic anhydride,108-24-7,CC(=O)OC(C)=O,4,6,4,8,8,7,4,4,8,6,5.26429605180997,7.483314773547883,4.0,6.928203230275509,5.748158463567324
83,Formic acid ,64-18-6,O=CO,5,4,8,6,8,8,4,4,7,7,5.566315367427482,8.0,4.0,7.0,5.942291558526318
84,Methyl formate,107-31-3,COC=O,3,7,3,1,9,9,7,4,3,9,2.8173132472612576,9.0,5.291502622129181,5.196152422706632,5.138479593376611
85,Chloroacetic acid,79-11-8,O=C(O)CCl,1,4,4,9,6,4,1,5,10,6,3.464101615137755,4.898979485566356,2.23606797749979,7.745966692414834,4.140608962241279
86,2-Pentanone,107-87-9,CCCC(C)=O,7,3,5,6,9,3,10,7,6,10,5.009970139234591,5.196152422706632,8.366600265340756,7.745966692414834,6.408928347613793
87,1-Pentanol,71-41-0,CCCCCO,7,8,8,9,9,4,10,9,9,10,7.96856520746051,6.0,9.486832980505138,9.486832980505138,8.099225161259714
88,1-Heptanol,111-70-6,CCCCCCCO,9,8,10,9,8,4,10,7,9,10,8.972092687327326,5.656854249492381,8.366600265340756,9.486832980505138,7.96681539347051
89,Cyclohexanol,108-93-0,OC1CCCCC1,7,7,6,9,8,5,7,9,9,9,7.172118557194015,6.324555320336759,7.937253933193772,9.0,7.5447970137075
90,Dibutyl ether,142-96-1,CCCCOCCCC,10,8,7,8,4,4,10,5,7,6,8.181246978470094,4.0,7.0710678118654755,6.48074069840786,6.222963956456618
91,Dimethyl ether,115-10-6,COC,6,1,4,1,7,7,10,4,2,5,2.2133638394006434,7.0,6.324555320336759,3.1622776601683795,4.195610962881166
92,t-Butyl acetate,540-88-5,CC(=O)OC(C)(C)C,7,4,6,6,6,5,7,6,6,10,5.634626494522515,5.477225575051661,6.48074069840786,7.745966692414834,6.273812103050703
93,2-Pentanol,6032-29-7,CCCC(C)O,7,8,5,8,9,4,7,7,8,9,6.879581256500786,6.0,7.0,8.48528137423857,7.036705669672663
94,t-Butyl ethyl ether,637-92-3,CCOC(C)(C)C,8,7,5,3,8,3,7,4,4,9,5.383563270955295,4.898979485566356,5.291502622129181,6.0,5.379308197671876
95,Cumene,98-82-8,CC(C)c1ccccc1,10,8,7,8,3,4,7,7,6,6,8.181246978470094,3.4641016151377544,7.0,6.0,5.873741833716474
96,Tetrahydrofurfuryl alcohol,97-99-4,OCC1CCCO1,4,4,4,8,9,6,1,5,9,6,4.756828460010884,7.3484692283495345,2.23606797749979,7.3484692283495345,4.895522636591294
97,2-Ethylhexyl acetate,103-09-3,CCCCC(CC)COC(C)=O,9,7,9,10,4,6,10,7,9,10,8.677522825557235,4.898979485566356,8.366600265340756,9.486832980505138,7.621543190524955
98,Dimethoxymethane,109-87-5,COCOC,5,6,3,1,6,6,10,7,3,5,3.0800702882410227,6.0,8.366600265340756,3.872983346207417,4.946825966864318
99,Formamide,75-12-7,NC=O,2,4,4,10,10,6,1,10,10,8,4.229485053762256,7.745966692414834,3.1622776601683795,8.94427190999916,5.517305452653491
100,Diphenyl ether,101-84-8,c1ccc(Oc2ccccc2)cc1,9,7,9,10,3,3,4,9,9,6,8.677522825557235,3.0,6.0,7.3484692283495345,5.820580331507173
101,Dimethyl adipate,627-93-0,COC(=O)CCCCC(=O)OC,8,5,10,10,8,8,4,8,9,10,7.952707287670506,8.0,5.656854249492381,9.486832980505138,7.644081471635152
102,t-Amyl methyl ether,994-05-8,CCC(C)(C)OC,7,6,5,5,9,4,7,5,5,9,5.692425097622216,6.0,5.916079783099616,6.708203932499369,6.067673640942619
103,n-Propyl acetate,109-60-4,CCCOC(C)=O,6,4,6,6,9,5,10,7,7,10,5.421612021659069,6.708203932499369,8.366600265340756,8.366600265340756,7.103267715468633
104,1-Hexanol,111-27-3,CCCCCCO,5,6,3,9,8,5,7,9,9,10,5.334838230116768,6.324555320336759,7.937253933193772,9.486832980505138,7.099629657942116
105,Propanenitrile,107-12-0,CCC#N,4,3,2,5,10,7,4,4,6,10,3.309750919646873,8.366600265340756,4.0,7.745966692414834,5.412152022126151
106,Propionic acid,79-09-4,CCC(=O)O,4,6,4,8,8,5,7,7,9,6,5.26429605180997,6.324555320336759,7.0,7.3484692283495345,6.433040790119202
107,"1,4-Butanediol",110-63-4,OCCCCO,4,5,4,9,10,6,7,9,10,10,5.1800401282227035,7.745966692414834,7.937253933193772,10.0,7.512245219494526
108,Ethyl propionate,105-37-3,CCOC(=O)CC,7,3,6,6,6,6,4,4,7,6,5.243610795028083,6.0,4.0,6.48074069840786,5.3440016547660285
109,Diethoxymethane,462-95-3,CCOCOCC,6,5,4,4,5,7,4,3,4,8,4.680694638641432,5.916079783099616,3.4641016151377544,5.656854249492381,4.826446382453424
110,Methyl L-lactate,27871-49-4,COC(=O)[C@H](C)O,4,6,4,8,9,6,10,6,8,9,5.26429605180997,7.3484692283495345,7.745966692414834,8.48528137423857,7.101004119270537
111,Ethylene glycol diacetate,111-55-7,CC(=O)OCCOC(C)=O,5,6,6,10,6,8,10,8,10,10,6.513555624326306,6.928203230275509,8.94427190999916,10.0,7.9706902927577765
112,Diethylene glycol dimethyl ether,111-96-6,COCCOCCOC,4,5,4,8,9,5,1,4,6,6,5.029733718731741,6.708203932499369,2.0,6.0,4.485729944614359
113,"N,N-Dimethyloctanamide",1118-92-9,CCCCCCCC(=O)N(C)C,5,6,5,8,7,5,4,6,9,10,5.885661912765424,5.916079783099616,4.898979485566356,9.486832980505138,6.342552230801878
114,Diisopropyl adipate,6938-94-9,CC(C)OC(=O)CCCCC(=O)OC(C)C,5,7,6,10,7,8,4,10,9,10,6.769472427712399,7.483314773547883,6.324555320336759,9.486832980505138,7.4250609312153975
115,Ethoxybenzene,103-73-1,CCOc1ccccc1,9,9,8,9,9,5,4,6,9,10,8.738851890731823,6.708203932499369,4.898979485566356,9.486832980505138,7.22473426514663
116,"1,2,4-Trichlorobenzene",120-82-1,Clc1ccc(Cl)c(Cl)c1,3,7,7,10,1,9,4,6,9,10,6.191976988439285,3.0,4.898979485566356,9.486832980505138,5.4205626213297196
117,Amyl acetate,628-63-7,CCCCCOC(C)=O,7,8,8,8,9,5,7,8,8,10,7.737345681070676,6.708203932499369,7.483314773547883,8.94427190999916,7.677314221684359
118,Methyl oleate,112-62-9,CCCCCCCC/C=C\CCCCCCCC(=O)OC,9,6,8,10,5,8,4,10,7,10,8.107200928842206,6.324555320336759,6.324555320336759,8.366600265340756,7.217220715631297
119,Diethyl carbonate,105-58-8,CCOC(=O)OCC,7,9,9,7,9,8,4,5,8,10,7.937253933193771,8.48528137423857,4.47213595499958,8.94427190999916,7.204421748125613
120,Dimethyl succinate,106-65-0,COC(=O)CCC(=O)OC,4,5,6,10,9,7,4,7,9,10,5.885661912765424,7.937253933193772,5.291502622129181,9.486832980505138,6.958913915861217
121,"1,3-Propanediol",504-63-2,OCCCO,4,5,5,10,10,6,10,9,10,10,5.62341325190349,7.745966692414834,9.486832980505138,10.0,8.017689252665459
122,"2,4,6-Trimethylpyridine",108-75-8,Cc1cc(C)nc(C)c1,7,9,6,8,10,5,7,8,9,9,7.415585502134682,7.0710678118654755,7.483314773547883,9.0,7.708888123629812
123,"1,3-Dioxolane",646-06-0,C1COCO1,4,4,3,4,7,5,7,5,2,9,3.7224194364083982,5.916079783099616,5.916079783099616,4.242640687119285,4.848779122111836
124,"N,N-Dimethyl decanamide",14433-76-2,CCCCCCCCCC(=O)N(C)C,6,7,6,10,4,6,10,10,10,10,7.0851677179897825,4.898979485566356,10.0,10.0,7.675628363379757
125,Methylcyclopentane,96-37-7,CC1CCCC1,10,7,5,3,6,3,10,7,2,9,5.692425097622216,4.242640687119285,8.366600265340756,4.242640687119285,5.411027143086574
126,2-Ethylhexanol,104-76-7,CCCCC(CC)CO,9,8,8,10,7,5,7,10,9,9,8.711754349385727,5.916079783099616,8.366600265340756,9.0,7.892830804748361
127,Trifluoroacetic acid,76-05-1,O=C(O)C(F)(F)F,1,5,2,4,4,4,4,3,7,6,2.514866859365871,4.0,3.4641016151377544,6.48074069840786,3.8765694093311613
128,"N,N'-Dimethylethyleneurea",80-73-9,CN1CCN(C)C1=O,3,4,3,10,7,6,4,8,9,9,4.355877174692863,6.48074069840786,5.656854249492381,9.0,6.157145864173255
129,Trichloroacetic acid,76-03-9,O=C(O)C(Cl)(Cl)Cl,1,4,3,9,2,5,4,6,10,6,3.2237097954706257,3.1622776601683795,4.898979485566356,7.745966692414834,4.434904744448616
130,Lactic acid,50-21-5,CC(O)C(=O)O,3,6,5,10,9,6,4,9,10,8,5.477225575051661,7.3484692283495345,6.0,8.94427190999916,6.817316198804997
131,N-Ethyl pyrrolidone,2687-91-4,CCN1CCCC1=O,3,4,3,10,9,6,1,8,9,9,4.355877174692863,7.3484692283495345,2.8284271247461903,9.0,5.342751833322448
132,Octyl acetate,112-14-1,CCCCCCCCOC(C)=O,9,7,9,10,3,8,4,7,8,10,8.677522825557235,4.898979485566356,5.291502622129181,8.94427190999916,6.697401709939963
133,N-Methyl formamide,123-39-7,CNC=O,2,5,3,10,10,6,1,5,10,10,4.161791450287817,7.745966692414834,2.23606797749979,10.0,5.1815564662449445
134,"Dimethyl-1,3-propyleneurea",7226-23-5,CN1CCCN(C)C1=O,5,7,6,10,5,6,4,10,9,9,6.769472427712399,5.477225575051661,6.324555320336759,9.0,6.777928591456489
135,cis-Decalin,493-01-6,C1CCC2CCCCC2C1,10,7,6,9,2,5,4,5,7,9,7.8410270115436775,3.1622776601683795,4.47213595499958,7.937253933193772,5.446776507389581
136,Methyl propionate ,554-12-1,CCC(=O)OC,5,5,5,4,10,6,7,3,4,10,4.728708045015878,7.745966692414834,4.58257569495584,6.324555320336759,5.708071997137522
137,Perfluorohexane,355-42-0,FC(F)(F)C(F)(F)C(F)(F)C(F)(F)C(F)(F)C(F)(F)F,4,10,5,2,1,7,4,2,4,10,4.472135954999579,2.6457513110645907,2.8284271247461903,6.324555320336759,3.814255241886222
138,2-Methylpentane,107-83-5,CCCC(C)C,10,9,4,2,3,3,10,7,2,10,5.1800401282227035,3.0,8.366600265340756,4.47213595499958,4.910543913581944
139,"α,α,α-Trifluorotoluene",98-08-8,FC(F)(F)c1ccccc1,4,4,5,6,3,8,10,4,4,10,4.680694638641432,4.898979485566356,6.324555320336759,6.324555320336759,5.503246681566261
140,"1,1,3,3-Tetramethyl urea",632-22-4,CN(C)C(=O)N(C)C,3,5,2,9,5,5,1,4,10,10,4.053600464421104,5.0,2.0,10.0,4.487043039243774
