,solvent_name,smiles,hsp_d,hsp_p,hsp_h,hsp_d_source,hsp_p_source,hsp_h_source
0,"1,2-Dichloroethane",ClCCCl,18.0,7.4,4.1,HSPiP,HSPiP,HSPiP
1,Acetic acid,CC(=O)O,14.5,8.0,13.5,HSPiP,HSPiP,HSPiP
2,Toluene,Cc1ccccc1,18.0,1.4,2.0,HSPiP,HSPiP,HSPiP
3,p-Xylene,Cc1ccc(C)cc1,17.8,1.0,3.1,HSPiP,HSPiP,HSPiP
4,Acetone,CC(C)=O,15.5,10.4,7.0,HSPiP,HSPiP,HSPiP
5,Cyclohexanone,O=C1CCCCC1,17.8,8.4,5.1,HSPiP,HSPiP,HSPiP
6,Ethylene glycol,OCCO,17.0,11.0,26.0,HSPiP,HSPiP,HSPiP
7,Cyclohexane,C1CCCCC1,16.8,0.0,0.2,HSPiP,HSPiP,HSPiP
8,"1,4-Dioxane",C1COCCO1,17.1,6.8,7.8,HSPiP,HSPiP,HSPiP
9,Pyridine,c1ccncc1,19.0,8.8,5.9,HSPiP,HSPiP,HSPiP
10,Dimethyl sulphoxide,CS(C)=O,18.4,16.4,10.2,HSPiP,HSPiP,HSPiP
11,"2,6-Dimethyl-4-heptanone",CC(C)CC(=O)CC(C)C,16.0,3.7,4.1,HSPiP,HSPiP,HSPiP
12,n-Hexane,CCCCCC,14.9,0.0,0.0,HSPiP,HSPiP,HSPiP
13,n-Heptane,CCCCCCC,15.3,0.0,0.0,HSPiP,HSPiP,HSPiP
14,Methylcyclohexane,CC1CCCCC1,16.0,0.0,1.0,HSPiP,HSPiP,HSPiP
15,Diethyl ether,CCOCC,14.5,2.9,4.6,HSPiP,HSPiP,HSPiP
16,Carbon tetrachloride,ClC(Cl)(Cl)Cl,16.1,8.3,0.0,HSPiP,HSPiP,HSPiP
17,Methanol,CO,14.7,12.3,22.3,HSPiP,HSPiP,HSPiP
18,Ethanol,CCO,15.8,8.8,19.4,HSPiP,HSPiP,HSPiP
19,4-Methyl-2-pentanone,CC(=O)CC(C)C,15.3,6.1,4.1,HSPiP,HSPiP,HSPiP
20,Isopropyl acetate,CC(=O)OC(C)C,14.9,4.5,8.2,HSPiP,HSPiP,HSPiP
21,Acetonitrile,CC#N,15.3,18.0,6.1,HSPiP,HSPiP,HSPiP
22,"N,N-Dimethyl formamide",CN(C)C=O,17.4,13.7,11.3,HSPiP,HSPiP,HSPiP
23,Chlorobenzene,Clc1ccccc1,19.0,4.3,2.0,HSPiP,HSPiP,HSPiP
24,N-Methyl-pyrrolidin-2-one,CN1CCCC1=O,18.0,12.3,7.2,HSPiP,HSPiP,HSPiP
25,Propylene carbonate,CC1COC(=O)O1,20.0,18.0,4.1,HSPiP,HSPiP,HSPiP
26,Nitromethane,C[N+](=O)[O-],15.8,18.8,6.1,HSPiP,HSPiP,HSPiP
27,Ethyl acetate,CCOC(C)=O,15.8,5.3,7.2,HSPiP,HSPiP,HSPiP
28,Methyl ethyl ketone,CCC(C)=O,16.0,9.0,5.1,HSPiP,HSPiP,HSPiP
29,1-Butanol,CCCCO,16.0,5.7,15.8,HSPiP,HSPiP,HSPiP
30,2-Propanol,CC(C)O,15.8,6.1,16.4,HSPiP,HSPiP,HSPiP
31,Chloroform,ClC(Cl)Cl,17.8,3.1,5.7,HSPiP,HSPiP,HSPiP
32,n-Pentane,CCCCC,14.5,0.0,0.0,HSPiP,HSPiP,HSPiP
33,Dichloromethane,ClCCl,17.0,7.3,7.1,HSPiP,HSPiP,HSPiP
34,Benzene,c1ccccc1,18.4,0.0,2.0,HSPiP,HSPiP,HSPiP
35,Tetrahydrofuran,C1CCOC1,16.8,5.7,8.0,HSPiP,HSPiP,HSPiP
36,Mesitylene,Cc1cc(C)cc(C)c1,18.0,0.6,0.6,HSPiP,HSPiP,HSPiP
37,Nitrobenzene,O=[N+]([O-])c1ccccc1,20.0,10.6,3.1,HSPiP,HSPiP,HSPiP
38,Water,O,15.1,20.4,16.5,HSPiP,HSPiP,HSPiP
39,t-Butanol,CC(C)(C)O,15.2,5.1,14.7,HSPiP,HSPiP,HSPiP
40,t-Butyl methyl ether,COC(C)(C)C,14.8,4.3,5.0,HSPiP,HSPiP,HSPiP
41,2-Methoxyethanol,COCCO,16.0,8.2,15.0,HSPiP,HSPiP,HSPiP
42,Isoamyl alcohol,CC(C)CCO,15.8,5.2,13.3,HSPiP,HSPiP,HSPiP
43,"1,2-Dimethoxyethane",COCCOC,15.4,6.0,6.0,HSPiP,HSPiP,HSPiP
44,Diisopropyl ether,CC(C)OC(C)C,15.1,3.2,3.2,HSPiP,HSPiP,HSPiP
45,Solketal,CC1(C)OCC(CO)O1,16.8,7.48,10.95,HSPiP,HSPiP,HSPiP
46,n-Octane,CCCCCCCC,15.5,0.0,0.0,HSPiP,HSPiP,HSPiP
47,d-Limonene,C=C(C)C1CC=C(C)CC1,17.2,1.8,4.3,HSPiP,HSPiP,HSPiP
48,"1,2-Dichlorobenzene",Clc1ccccc1Cl,19.2,6.3,3.3,HSPiP,HSPiP,HSPiP
49,Sulpholane,O=S1(=O)CCCC1,18.08,16.83,8.42,HSPiP,HSPiP,HSPiP
50,Triethylamine,CCN(CC)CC,15.5,0.4,1.0,HSPiP,HSPiP,HSPiP
51,Dimethyl carbonate,COC(=O)OC,15.5,8.6,9.7,HSPiP,HSPiP,HSPiP
52,Isobutanol,CC(C)CO,15.1,5.7,15.9,HSPiP,HSPiP,HSPiP
53,1-Propanol,CCCO,16.0,6.8,17.4,HSPiP,HSPiP,HSPiP
54,Methyl acetate,COC(C)=O,15.5,7.2,7.6,HSPiP,HSPiP,HSPiP
55,"N,N-Dimethyl acetamide",CC(=O)N(C)C,16.8,11.5,9.4,HSPiP,HSPiP,HSPiP
56,Glycerol triacetate,CC(=O)OCC(COC(C)=O)OC(C)=O,16.5,4.5,9.1,HSPiP,HSPiP,HSPiP
57,Ethyl lactate,CCOC(=O)C(C)O,16.0,7.6,12.5,HSPiP,HSPiP,HSPiP
58,2-Butanol,CCC(C)O,15.8,5.7,14.5,HSPiP,HSPiP,HSPiP
59,Butyl acetate,CCCCOC(C)=O,15.8,3.7,6.3,HSPiP,HSPiP,HSPiP
60,Tetrachloroethylene,ClC(Cl)=C(Cl)Cl,18.3,5.7,0.0,HSPiP,HSPiP,HSPiP
61,Di(ethylene glycol),OCCOCCO,16.6,12.0,19.0,HSPiP,HSPiP,HSPiP
62,Carbon disulphide,S=C=S,19.9,5.8,0.6,HSPiP,HSPiP,HSPiP
63,"1,2-Propanediol",CC(O)CO,16.8,10.4,21.3,HSPiP,HSPiP,HSPiP
64,Cyclopentyl methyl ether,COC1CCCC1,16.7,4.3,4.3,HSPiP,HSPiP,HSPiP
65,Trichloroethylene,ClC=C(Cl)Cl,18.0,3.1,5.3,HSPiP,HSPiP,HSPiP
66,Anisole,COc1ccccc1,17.8,4.4,6.9,HSPiP,HSPiP,HSPiP
67,Ethyl formate,CCOC=O,15.5,8.4,8.4,HSPiP,HSPiP,HSPiP
68,p-Cymene,Cc1ccc(C(C)C)cc1,17.4,2.3,2.4,HSPiP,HSPiP,HSPiP
69,Cyrene,O=C1CCC2COC1O2,18.9,12.4,7.1,HSPiP,HSPiP,HSPiP
70,Cyclopentanone,O=C1CCCC1,17.9,11.9,5.2,HSPiP,HSPiP,HSPiP
71,2-Methyltetrahydrofuran,CC1CCCO1,16.9,5.0,4.3,HSPiP,HSPiP,HSPiP
72,Glycerol,OCC(O)CO,17.4,11.3,27.2,HSPiP,HSPiP,HSPiP
73,у-Valerolactone,CC1CCC(=O)O1,16.8,16.5,6.7,HSPiP,HSPiP,HSPiP
74,"2,2,2-Trifluoroethanol",OCC(F)(F)F,15.4,8.3,16.4,HSPiP,HSPiP,HSPiP
75,Dimethyl isosorbide,CO[C@H]1CO[C@H]2[C@@H]1OC[C@H]2OC,17.6,7.1,7.5,HSPiP,HSPiP,HSPiP
76,Fluorobenzene,Fc1ccccc1,18.1,6.1,2.0,HSPiP,HSPiP,HSPiP
77,Hexafluoroisopropanol,OC(C(F)(F)F)C(F)(F)F,17.2,4.5,14.7,HSPiP,HSPiP,HSPiP
78,Ethylene carbonate,O=C1OCCO1,18.0,21.7,5.1,HSPiP,HSPiP,HSPiP
79,Carbon dioxide,O=C=O,15.7,6.3,5.7,HSPiP,HSPiP,HSPiP
80,Phenol,Oc1ccccc1,18.5,5.9,14.9,HSPiP,HSPiP,HSPiP
81,Ethyl benzene,CCc1ccccc1,17.8,0.6,1.4,HSPiP,HSPiP,HSPiP
82,2-Methyl-2-butanol,CCC(C)(C)O,15.3,6.1,13.3,HSPiP,HSPiP,HSPiP
83,3-Pentanone,CCC(=O)CC,15.8,7.6,4.7,HSPiP,HSPiP,HSPiP
84,2-Heptanone ,CCCCCC(C)=O,16.2,5.7,4.1,HSPiP,HSPiP,HSPiP
85,Isoamyl acetate,CC(=O)OCCC(C)C,15.3,3.1,7.0,HSPiP,HSPiP,HSPiP
86,Isooctane,CC(C)CC(C)(C)C,14.1,0.0,0.0,HSPiP,HSPiP,HSPiP
87,Isobutyl acetate,CC(=O)OCC(C)C,15.1,3.7,6.3,HSPiP,HSPiP,HSPiP
88,1-Ethoxypropan-2-ol,CCOCC(C)O,15.7,6.5,10.5,HSPiP,HSPiP,HSPiP
89,Morpholine,C1COCCN1,18.0,4.9,11.0,HSPiP,HSPiP,HSPiP
90,n-Decane,CCCCCCCCCC,15.7,0.0,0.0,HSPiP,HSPiP,HSPiP
91,1-Octanol,CCCCCCCCO,16.0,5.0,11.2,HSPiP,HSPiP,HSPiP
92,Diethylene glycol monomethyl ether,COCCOCCO,16.2,7.8,12.6,HSPiP,HSPiP,HSPiP
93,α-Pinene,CC1=CCC2CC1C2(C)C,16.9,1.8,3.1,HSPiP,HSPiP,HSPiP
94,Benzyl alcohol,OCc1ccccc1,18.4,6.3,13.7,HSPiP,HSPiP,HSPiP
95,Tri(ethylene glycol),OCCOCCOCCO,16.0,12.5,18.6,HSPiP,HSPiP,HSPiP
96,Acetophenone,CC(=O)c1ccccc1,18.8,9.0,4.0,HSPiP,HSPiP,HSPiP
97,2-(2-Butoxyethoxy)ethyl acetate ,CCCCOCCOCCOC(C)=O,16.0,4.1,8.2,HSPiP,HSPiP,HSPiP
98,2-(2-(2-Methoxyethoxy)ethoxy)ethanol ,COCCOCCOCCO,16.2,7.6,12.5,HSPiP,HSPiP,HSPiP
99,Diethylene glycol monobutyl ether,CCCCOCCOCCO,16.0,7.0,10.6,HSPiP,HSPiP,HSPiP
100,Methyl laurate,CCCCCCCCCCCC(=O)OC,16.0,3.1,3.8,HSPiP,HSPiP,HSPiP
101,Acetic anhydride,CC(=O)OC(C)=O,16.0,11.7,10.2,HSPiP,HSPiP,HSPiP
102,Formic acid ,O=CO,14.6,10.0,14.0,HSPiP,HSPiP,HSPiP
103,2-Butoxyethanol,CCCCOCCO,16.0,5.1,12.3,HSPiP,HSPiP,HSPiP
104,m-Xylene,Cc1cccc(C)c1,18.0,2.3,2.3,HSPiP,HSPiP,HSPiP
105,o-Xylene,Cc1ccccc1C,17.8,1.0,3.1,HSPiP,HSPiP,HSPiP
106,Methyl formate,COC=O,15.3,8.4,10.2,HSPiP,HSPiP,HSPiP
107,Chloroacetic acid,O=C(O)CCl,17.7,10.4,12.3,HSPiP,HSPiP,HSPiP
108,2-Pentanone,CCCC(C)=O,16.0,7.6,4.7,HSPiP,HSPiP,HSPiP
109,1-Pentanol,CCCCCO,15.9,5.9,13.9,HSPiP,HSPiP,HSPiP
110,Butyl (S)-lactate,CCCCOC(=O)C(C)O,16.6,6.2,11.6,HSPiP,HSPiP,HSPiP
111,1-Heptanol,CCCCCCCO,16.0,5.3,11.7,HSPiP,HSPiP,HSPiP
112,Cyclohexanol,OC1CCCCC1,17.4,4.1,13.5,HSPiP,HSPiP,HSPiP
113,Dibutyl ether,CCCCOCCCC,15.2,3.4,3.2,HSPiP,HSPiP,HSPiP
114,"1,1,1-Trichloroethane",CC(Cl)(Cl)Cl,16.8,4.3,2.0,HSPiP,HSPiP,HSPiP
115,Acetaldehyde,CC=O,14.7,12.5,7.9,HSPiP,HSPiP,HSPiP
116,Dodecane,CCCCCCCCCCCC,16.0,0.0,0.0,HSPiP,HSPiP,HSPiP
117,2-Butoxyethyl acetate ,CCCCOCCOC(C)=O,15.3,7.5,6.8,HSPiP,HSPiP,HSPiP
118,Dimethyl ether,COC,15.2,6.1,5.7,HSPiP,HSPiP,HSPiP
119,(-)-Pin-2(10)-ene,C=C1CCC2C1C2(C)C,16.2,1.0,1.8,HSPiP,HSPiP,HSPiP
120,Diethanolamine,OCCNCCO,17.2,7.0,19.0,HSPiP,HSPiP,HSPiP
121,2-Aminoethanol,NCCO,17.0,15.5,21.0,HSPiP,HSPiP,HSPiP
122,Triethanolamine,OCCN(CCO)CCO,17.3,7.6,21.0,HSPiP,HSPiP,HSPiP
123,1-Nonanol,CCCCCCCCCO,16.0,4.8,11.0,HSPiP,HSPiP,HSPiP
124,2-Methyl-1-butanol,CCC(C)CO,16.0,5.1,14.3,HSPiP,HSPiP,HSPiP
125,"1,4-Dichlorobenzene",Clc1ccc(Cl)cc1,19.7,5.6,2.7,HSPiP,HSPiP,HSPiP
126,Dimethylamine,CNC,15.3,4.8,11.2,HSPiP,HSPiP,HSPiP
127,t-Butyl acetate,CC(=O)OC(C)(C)C,15.0,3.7,6.0,HSPiP,HSPiP,HSPiP
128,Formaldehyde,C=O,12.8,14.4,15.4,HSPiP,HSPiP,HSPiP
129,"1,1,1,2-Tetrafluoroethane",FCC(F)(F)F,13.6,5.7,2.2,HSPiP,HSPiP,HSPiP
130,"Alcohols, C8-10-iso-, C9-rich ",CC(C)CCCCCCO,15.67875590707488,3.383928037471075,7.719278916137553,SFER_prediction,SFER_prediction,SFER_prediction
131,"Alcohols, C9-11-iso-, C10-rich ",CC(C)CCCCCCCO,15.72279202318849,3.066099378127733,7.406692227358656,SFER_prediction,SFER_prediction,SFER_prediction
132,"Aliphatic hydrocarbons (C8-16, kerosine)",CCCCCCCCCC,14.88864374412055,0.197209203660824,1.344751103094942,SFER_prediction,SFER_prediction,SFER_prediction
133,Aromatic hydrocarbons (C6-8),c1ccccc1,17.56004480080451,5.017875272629787,4.316895141783051,SFER_prediction,SFER_prediction,SFER_prediction
134,FAME (C14-18),CCCCCCCCC=CCCCCCCCC(=O)OC,15.54917671956227,2.601300123736813,3.754351016781791,SFER_prediction,SFER_prediction,SFER_prediction
135,FAME (veg oil),CCCCCCCCCCCCCCCC(=O)OC,15.3218364793853,2.345691556375761,4.328252750340642,SFER_prediction,SFER_prediction,SFER_prediction
136,"Renewable hydrocarbons (NExBTL renewable diesel, diesel type fraction, contains C15)",CCCCCCCCCCCCCC,15.01939521455761,0.08562631770090301,1.289765688560245,SFER_prediction,SFER_prediction,SFER_prediction
137,FAME (C16-C18),CCCCCCCCC=CCCCCCCCC(=O)OC,15.54917671956227,2.601300123736813,3.754351016781791,SFER_prediction,SFER_prediction,SFER_prediction
138,Renewable hydrocarbons (gasoline type fraction),CCCCCC,14.33688445766549,0.4320820268438637,1.456554537039247,SFER_prediction,SFER_prediction,SFER_prediction
139,Renewable hydrocarbons (kerosine type fraction) ,CCCCCCCCCCCCCCCC,14.9743541964963,0.01324449986111315,1.260860031944833,SFER_prediction,SFER_prediction,SFER_prediction
140,"Renewable hydrocarbons (C15-18, branched) ",CCCCCCCCCCCCCC(C)C,15.11360152084873,0.06946777736300846,1.291436032467331,SFER_prediction,SFER_prediction,SFER_prediction
141,FAME (C12-16),CCCCCCCCCCCC(=O)OC,15.44322943418907,2.984947348685635,4.878600690093801,SFER_prediction,SFER_prediction,SFER_prediction
142,Di(propylene glycol) methyl ether acetate,COCCCOCCCOC(C)=O,16.3,4.9,8.0,HSPiP,HSPiP,HSPiP
143,FAME (C12-14),CCCCCCCCCCCC(=O)OC,15.44322943418907,2.984947348685635,4.878600690093801,SFER_prediction,SFER_prediction,SFER_prediction
144,Monoglycerides (C16-18),CCCCCCCCC=CCCCCCCCC(=O)OCC(O)CO,15.82684569673952,3.974818897670549,7.254220546244762,SFER_prediction,SFER_prediction,SFER_prediction
145,Dibasic esters (DBE): Reaction mass of dimethyl adipate and dimethyl glutarate and dimethyl succinate,COC(=O)CCCCC(=O)OC,16.10910091656911,8.630140493282438,10.02343295887828,SFER_prediction,SFER_prediction,SFER_prediction
146,Decahydronaphthalene (mixed isomers),Fc1c(F)c(F)c(-c2c(F)c(F)c(F)c(F)c2F)c(F)c1F,15.5,4.7,3.0,HSPiP,HSPiP,HSPiP
147,"Short chain chlorinated paraffins (C10-13, alkanes)",CCC(Cl)CC(Cl)C(Cl)C(Cl)C(Cl)C(C)Cl,17.63975399544498,4.715231259004766,3.479409788389307,SFER_prediction,SFER_prediction,SFER_prediction
148,"Aromatic hydrocarbons (C7-12, mostly C8)",Cc1ccccc1,17.37819700279537,4.315691452805335,3.875368452037884,SFER_prediction,SFER_prediction,SFER_prediction
149,Hydrocarbons C9-16,CCCCCCCCCC,14.88864374412055,0.197209203660824,1.344751103094942,SFER_prediction,SFER_prediction,SFER_prediction
150,Gasoline (C4-C8),CCCCCC,14.33688445766549,0.4320820268438637,1.456554537039247,SFER_prediction,SFER_prediction,SFER_prediction
151,"Aliphatic hydrocarbons (C3-6, rich in pentanes)",CCCCC,13.98411535810209,0.5451053211578367,1.563560148344947,SFER_prediction,SFER_prediction,SFER_prediction
152,White mineral oil (C15-50),CCCCCCCCCCCCCCCC,14.9743541964963,0.01324449986111315,1.260860031944833,SFER_prediction,SFER_prediction,SFER_prediction
153,Renewable hydrocarbons (naphtha type fraction) ,CCCCCC,14.33688445766549,0.4320820268438637,1.456554537039247,SFER_prediction,SFER_prediction,SFER_prediction
154,"Glycerol formal (mixture: 1,3-dioxan-5-ol (60%) and 1,3-dioxolane-4-methanol (40%, CAS: 5464-28-8))",OC1COCOC1,18.06,10.38,15.13,HSPiP,HSPiP,HSPiP
155,Hydrocarbons C10-18,CCCCCCCCCCCC,14.9666279864738,0.1451039604754348,1.325644597214184,SFER_prediction,SFER_prediction,SFER_prediction
156,White spirit type 1 (medium flash),CCCCCCCCC,14.69545060810829,0.1915497330468663,1.3367712543785,SFER_prediction,SFER_prediction,SFER_prediction
157,White spirit type 3 (medium flash),CCCCCCCCC(C)C,15.07544614677245,0.2509836491146464,1.38346895679719,SFER_prediction,SFER_prediction,SFER_prediction
158,Cyclohexanedimethanol,OCC1CCC(CO)CC1,17.5,7.4,15.9,HSPiP,HSPiP,HSPiP
159,"1-Isopropyl-2,2-dimethyltrimethylene diisobutyrate",CC(C)C(=O)OCC(C)(C)C(OC(=O)C(C)C)C(C)C,15.5,2.3,2.8,HSPiP,HSPiP,HSPiP
160,"2,2,4-Trimethyl-1,3-pentanediol monoisobutyrate",CC(C)C(=O)OCC(C)(C)C(O)C(C)C,15.1,6.1,9.8,HSPiP,HSPiP,HSPiP
161,"2,4,7,9-Tetramethyl-4,7-decanediol",CC(C)CC(C)(O)CCC(C)(O)CC(C)C,16.4,2.5,6.4,HSPiP,HSPiP,HSPiP
162,Diethylene glycol dibenzoate,O=C(OCCOCCOC(=O)c1ccccc1)c1ccccc1,18.3,6.6,4.4,HSPiP,HSPiP,HSPiP
163,Diisobutyl adipate,CC(C)COC(=O)CCCCC(=O)OCC(C)C,16.7,2.5,6.2,HSPiP,HSPiP,HSPiP
164,Diisobutyl glutarate,CC(C)COC(=O)CCCC(=O)OCC(C)C,15.8,3.8,4.6,HSPiP,HSPiP,HSPiP
165,Diisobutyl succinate,CC(C)COC(=O)CCC(=O)OCC(C)C,15.8,3.9,4.9,HSPiP,HSPiP,HSPiP
166,2-Phenoxyethanol,OCCOc1ccccc1,18.7,7.3,12.1,HSPiP,HSPiP,HSPiP
167,Propylene glycol phenyl ether,CC(CO)Oc1ccccc1,17.4,5.3,11.5,HSPiP,HSPiP,HSPiP
168,Diethylene glycol phenyl ether,OCCOCCOc1ccccc1,18.1,7.0,10.9,HSPiP,HSPiP,HSPiP
169,2-Pentanol,CCCC(C)O,15.6,6.4,13.3,HSPiP,HSPiP,HSPiP
170,t-Butyl ethyl ether,CCOC(C)(C)C,14.4,3.3,2.8,HSPiP,HSPiP,HSPiP
171,Aniline,Nc1ccccc1,20.1,5.8,11.2,HSPiP,HSPiP,HSPiP
172,Cumene,CC(C)c1ccccc1,18.1,1.2,1.2,HSPiP,HSPiP,HSPiP
173,Acetylacetone,CC(=O)CC(C)=O,16.1,10.0,6.2,HSPiP,HSPiP,HSPiP
174,Ethyl butyrate,CCCC(=O)OCC,15.5,5.6,5.0,HSPiP,HSPiP,HSPiP
175,n-Hexyl acetate ,CCCCCCOC(C)=O,15.8,2.9,5.9,HSPiP,HSPiP,HSPiP
176,Diethylamine,CCNCC,14.9,2.3,6.1,HSPiP,HSPiP,HSPiP
177,"1,8-Cineol",CC12CCC(CC1)C(C)(C)O2,16.7,4.6,3.4,HSPiP,HSPiP,HSPiP
178,Tetrahydrofurfuryl alcohol,OCC1CCCO1,17.8,8.2,12.9,HSPiP,HSPiP,HSPiP
179,"1,2,3-Trichloropropane",ClCC(Cl)CCl,17.8,12.3,3.4,HSPiP,HSPiP,HSPiP
180,Di(propylene glycol) dimethyl ether,COCC(C)OCC(C)OC,15.8,4.9,4.7,HSPiP,HSPiP,HSPiP
181,Octamethyltrisiloxane,C[Si](C)(C)O[Si](C)(C)O[Si](C)(C)C,12.2,1.8,0.0,HSPiP,HSPiP,HSPiP
182,2-Ethylhexyl acetate,CCCCC(CC)COC(C)=O,15.8,2.9,5.1,HSPiP,HSPiP,HSPiP
183,Dimethoxymethane,COCOC,15.0,1.8,8.6,HSPiP,HSPiP,HSPiP
184,Diethyl phthalate ,CCOC(=O)c1ccccc1C(=O)OCC,17.6,9.6,4.5,HSPiP,HSPiP,HSPiP
185,Methyl palmitate,CCCCCCCCCCCCCCCC(=O)OC,16.0,2.5,3.1,HSPiP,HSPiP,HSPiP
186,Formamide,NC=O,17.2,26.2,19.0,HSPiP,HSPiP,HSPiP
187,Diphenyl ether,c1ccc(Oc2ccccc2)cc1,19.4,3.4,4.0,HSPiP,HSPiP,HSPiP
188,γ-Butyrolactone ,O=C1CCCO1,18.0,16.6,7.4,HSPiP,HSPiP,HSPiP
189,Tributylphosphate,CCCCOP(=O)(OCCCC)OCCCC,16.3,6.3,4.3,HSPiP,HSPiP,HSPiP
190,Dimethyl sulphide,CSC,17.22,5.03,3.34,HSPiP,HSPiP,HSPiP
191,Ethanethiol,CCS,16.08,6.16,6.29,HSPiP,HSPiP,HSPiP
192,"1,2,3,4-Tetrahydronaphthalene",c1ccc2c(c1)CCCC2,19.6,2.0,2.9,HSPiP,HSPiP,HSPiP
193,Eugenol,C=CCc1ccc(O)c(OC)c1,19.0,7.5,13.0,HSPiP,HSPiP,HSPiP
194,Dimethyl adipate,COC(=O)CCCCC(=O)OC,16.3,6.8,8.5,HSPiP,HSPiP,HSPiP
195,2-Chloropropane,CC(C)Cl,15.0,8.0,2.0,HSPiP,HSPiP,HSPiP
196,"1,3-Butanediol",CC(O)CCO,16.5,8.1,20.9,HSPiP,HSPiP,HSPiP
197,Tripropylene glycol methyl ether,COCC(C)OCC(C)OC(C)CO,16.2,5.9,8.3,HSPiP,HSPiP,HSPiP
198,Benzyl benzoate ,O=C(OCc1ccccc1)c1ccccc1,20.0,5.1,5.2,HSPiP,HSPiP,HSPiP
199,Tripropylene glycol butyl ether,CCCCOCC(C)OCC(C)OC(O)CC,16.0,5.3,7.2,HSPiP,HSPiP,HSPiP
200,n-Hexadecane,CCCCCCCCCCCCCCCC,16.3,0.0,0.0,HSPiP,HSPiP,HSPiP
201,"1,1-Dichloroethylene",C=C(Cl)Cl,16.4,5.2,2.4,HSPiP,HSPiP,HSPiP
202,Perfluoromethylcyclohexane,FC(F)(F)C1(F)C(F)(F)C(F)(F)C(F)(F)C(F)(F)C1(F)F,12.4,0.0,0.0,HSPiP,HSPiP,HSPiP
203,2-Nitropropane,CC(C)[N+](=O)[O-],16.2,12.1,4.1,HSPiP,HSPiP,HSPiP
204,Perfluorooctane,FC(F)(F)C(F)(F)C(F)(F)C(F)(F)C(F)(F)C(F)(F)C(F)(F)C(F)(F)F,12.2,0.5,0.6,HSPiP,HSPiP,HSPiP
205,Pefluoro-cis-decalin,FC1(F)C(F)(F)C(F)(F)C2(F)C(F)(F)C(F)(F)C(F)(F)C(F)(F)C2(F)C1(F)F,12.3,0.1,0.6,HSPiP,HSPiP,HSPiP
206,2-Chlorophenol,Oc1ccccc1Cl,19.0,5.5,13.9,HSPiP,HSPiP,HSPiP
207,Glycerol ketal of ethyl levulinate,CCOC(=O)CCC1(C)OCC(CO)O1,17.0,7.4,9.3,HSPiP,HSPiP,HSPiP
208,Propanediol ketal of ethyl levulinate,CCOC(=O)CCC1(C)OCC(C)O1,16.7,5.5,5.4,HSPiP,HSPiP,HSPiP
209,t-Amyl methyl ether,CCC(C)(C)OC,14.6,3.2,2.9,HSPiP,HSPiP,HSPiP
210,n-Propyl acetate,CCCOC(C)=O,15.3,4.3,7.6,HSPiP,HSPiP,HSPiP
211,2-Dimethylaminoethanol,CN(C)CCO,16.1,9.2,14.0,HSPiP,HSPiP,HSPiP
212,Dipropylene glycol monomethyl ether,COC(C)COC(C)CO,16.2,6.4,9.9,HSPiP,HSPiP,HSPiP
213,1-Hexanol,CCCCCCO,15.9,5.8,12.5,HSPiP,HSPiP,HSPiP
214,Diethylene glycol monoethyl ether ,CCOCCOCCO,16.1,9.2,12.2,HSPiP,HSPiP,HSPiP
215,Furfuryl alcohol,OCc1ccco1,17.4,7.6,15.1,HSPiP,HSPiP,HSPiP
216,Propylene glycol monobutyl ether,CCCCOCC(C)O,15.3,4.5,9.2,HSPiP,HSPiP,HSPiP
217,2-Methoxy-1-methylethyl acetate,COCC(C)OC(C)=O,15.6,5.6,9.8,HSPiP,HSPiP,HSPiP
218,Triethylphosphate,CCOP(=O)(OCC)OCC,16.7,11.4,9.2,HSPiP,HSPiP,HSPiP
219,1-Decanol,CCCCCCCCCCO,16.0,4.7,10.5,HSPiP,HSPiP,HSPiP
220,Hexamethyldisiloxane,C[Si](C)(C)O[Si](C)(C)C,12.6,2.0,0.0,HSPiP,HSPiP,HSPiP
221,Di(propylene glycol) butyl ether,CCCCOCC(C)OCC(C)O,15.7,6.5,10.0,HSPiP,HSPiP,HSPiP
222,Cyclopentane,C1CCCC1,16.4,0.0,1.8,HSPiP,HSPiP,HSPiP
223,Decamethylcyclopentasiloxane,C[Si]1(C)O[Si](C)(C)O[Si](C)(C)O[Si](C)(C)O[Si](C)(C)O1,12.9,1.3,1.0,HSPiP,HSPiP,HSPiP
224,Propanenitrile,CCC#N,15.3,14.3,5.5,HSPiP,HSPiP,HSPiP
225,2-Ethoxyethanol,CCOCCO,15.9,7.2,14.0,HSPiP,HSPiP,HSPiP
226,Propyl propionate,CCCOC(=O)CC,15.5,5.6,5.7,HSPiP,HSPiP,HSPiP
227,2-Octanol ,CCCCCCC(C)O,16.1,4.9,11.0,HSPiP,HSPiP,HSPiP
228,2-Nonanone,CCCCCCCC(C)=O,16.1,5.1,3.5,HSPiP,HSPiP,HSPiP
229,Butyl butyrate,CCCCOC(=O)CCC,15.6,2.9,5.6,HSPiP,HSPiP,HSPiP
230,Ethyl levulinate,CCOC(=O)CCC(C)=O,16.6,7.8,6.7,HSPiP,HSPiP,HSPiP
231,Butyl levulinate,CCCCOC(=O)CCC(C)=O,16.6,6.5,5.9,HSPiP,HSPiP,HSPiP
232,1-Bromobutane,CCCCBr,16.5,3.6,3.0,HSPiP,HSPiP,HSPiP
233,Dibenzyl ether,c1ccc(COCc2ccccc2)cc1,19.6,3.4,5.2,HSPiP,HSPiP,HSPiP
234,Triethylene glycol dimethyl ether ,COCCOCCOCCOC,16.1,5.8,6.8,HSPiP,HSPiP,HSPiP
235,1-Propanethiol,CCCS,16.1,5.15,5.44,HSPiP,HSPiP,HSPiP
236,Glycerol carbonate,O=C1OCC(CO)O1,18.5,21.8,14.5,HSPiP,HSPiP,HSPiP
237,Propionic acid,CCC(=O)O,14.7,5.3,12.4,HSPiP,HSPiP,HSPiP
238,Octamethylcyclotetrasiloxane,C[Si]1(C)O[Si](C)(C)O[Si](C)(C)O[Si](C)(C)O1,12.8,1.3,1.0,HSPiP,HSPiP,HSPiP
239,"1,4-Butanediol",OCCCCO,16.6,11.0,20.9,HSPiP,HSPiP,HSPiP
240,1-Dodecanol,CCCCCCCCCCCCO,16.0,4.0,9.3,HSPiP,HSPiP,HSPiP
241,bis(2-Ethylhexyl) terephthalate ,CCCCC(CC)COC(=O)c1ccc(C(=O)OCC(CC)CCCC)cc1,16.9,5.1,2.7,HSPiP,HSPiP,HSPiP
242,Ethyl propionate,CCOC(=O)CC,15.5,6.1,4.9,HSPiP,HSPiP,HSPiP
243,Diethoxymethane,CCOCOCC,15.2,5.8,5.0,HSPiP,HSPiP,HSPiP
244,Nitroethane,CC[N+](=O)[O-],16.0,15.5,4.5,HSPiP,HSPiP,HSPiP
245,3-Methyl-2-butanone,CC(=O)C(C)C,15.5,6.4,4.3,HSPiP,HSPiP,HSPiP
246,Butyronitrile,CCCC#N,15.3,12.4,5.1,HSPiP,HSPiP,HSPiP
247,Pyrrolidine,C1CCNC1,17.9,6.5,7.4,HSPiP,HSPiP,HSPiP
248,1-Chlorobutane,CCCCCl,16.2,5.5,2.0,HSPiP,HSPiP,HSPiP
249,Diethylene glycol diethyl ether,CCOCCOCCOCC,15.8,5.9,5.6,HSPiP,HSPiP,HSPiP
250,Methyl L-lactate,COC(=O)[C@H](C)O,17.1,8.6,14.6,HSPiP,HSPiP,HSPiP
251,Ethylene glycol diacetate,CC(=O)OCCOC(C)=O,16.2,4.7,9.8,HSPiP,HSPiP,HSPiP
252,"β-Farnesene, hydrogenated (2,6,10-Trimethyldodecane, Farnesane)",CCC(C)CCCC(C)CCCC(C)C,15.6,0.1,0.1,HSPiP,HSPiP,HSPiP
253,Dichloroethyl ether,ClCCOCCCl,18.8,9.0,5.7,HSPiP,HSPiP,HSPiP
254,Diethylene glycol dimethyl ether,COCCOCCOC,15.7,6.1,6.5,HSPiP,HSPiP,HSPiP
255,Dibutoxymethane,CCCCOCOCCCC,15.66,4.2,4.0,HSPiP,HSPiP,HSPiP
256,"N,N-Dimethyloctanamide",CCCCCCCC(=O)N(C)C,16.69,7.39,5.37,HSPiP,HSPiP,HSPiP
257,n-Nonane,CCCCCCCCC,15.7,0.0,0.0,HSPiP,HSPiP,HSPiP
258,Tributylamine,CCCCN(CCCC)CCCC,15.6,1.9,1.7,HSPiP,HSPiP,HSPiP
259,Quinoline,c1ccc2ncccc2c1,20.5,5.6,5.7,HSPiP,HSPiP,HSPiP
260,Dimethyl glutarate,COC(=O)CCCC(=O)OC,16.6,6.2,7.9,HSPiP,HSPiP,HSPiP
261,m-Dichlorobenzene,Clc1cccc(Cl)c1,19.2,5.1,2.7,HSPiP,HSPiP,HSPiP
262,Tetraethylene glycol,OCCOCCOCCOCCO,16.7,9.0,14.6,HSPiP,HSPiP,HSPiP
263,Diethylene glycol dibutyl ether ,CCCCOCCOCCOCCCC,15.8,4.7,4.4,HSPiP,HSPiP,HSPiP
264,Diisopropyl adipate,CC(C)OC(=O)CCCCC(=O)OC(C)C,15.9,3.9,4.6,HSPiP,HSPiP,HSPiP
265,PolarClean,COC(=O)C(C)CCC(=O)N(C)C,17.22,8.61,9.66,HSPiP,HSPiP,HSPiP
266,Tetraethylene glycol dimethyl ether,COCCOCCOCCOCCOC,16.1,5.7,7.0,HSPiP,HSPiP,HSPiP
267,Benzonitrile,N#Cc1ccccc1,18.8,12.0,3.3,HSPiP,HSPiP,HSPiP
268,Ethoxybenzene,CCOc1ccccc1,18.4,4.5,4.0,HSPiP,HSPiP,HSPiP
269,N-Methylacetamide,CNC(C)=O,16.9,17.0,13.0,HSPiP,HSPiP,HSPiP
270,"1,2,4-Trichlorobenzene",Clc1ccc(Cl)c(Cl)c1,20.2,4.2,3.2,HSPiP,HSPiP,HSPiP
271,2-Chloroaniline,Nc1ccccc1Cl,19.9,6.3,9.2,HSPiP,HSPiP,HSPiP
272,Omnia,CCCCOC(=O)C(O)CC,16.42,5.85,10.56,HSPiP,HSPiP,HSPiP
273,2-Hexanone ,CCCCC(C)=O,15.3,6.1,4.1,HSPiP,HSPiP,HSPiP
274,"1,1-Dichloroethane",CC(Cl)Cl,16.5,7.8,3.0,HSPiP,HSPiP,HSPiP
275,2-Ethoxyethyl acetate,CCOCCOC(C)=O,15.9,4.7,10.6,HSPiP,HSPiP,HSPiP
276,Methyl butyrate,CCCC(=O)OC,15.8,5.2,6.5,HSPiP,HSPiP,HSPiP
277,Amyl acetate,CCCCCOC(C)=O,15.8,3.3,6.1,HSPiP,HSPiP,HSPiP
278,"Z-1,2-Dichloroethylene (cis-)",ClC=CCl,17.0,8.0,3.2,HSPiP,HSPiP,HSPiP
279,Trioxymethylene dimethyl ether,COCOCOCOC,15.92,7.48,6.31,HSPiP,HSPiP,HSPiP
280,"1,1,2,2-Tetrachloroethane",ClC(Cl)C(Cl)Cl,18.8,5.1,5.3,HSPiP,HSPiP,HSPiP
281,Methyl oleate,CCCCCCCC/C=C\CCCCCCCC(=O)OC,16.2,3.8,4.5,HSPiP,HSPiP,HSPiP
282,Tetraoxymethylene dimethyl ether,COCOCOCOCOC,16.02,7.83,6.57,HSPiP,HSPiP,HSPiP
283,Pentaoxymethylene dimethyl ether,COCOCOCOCOCOC,16.05,8.16,6.86,HSPiP,HSPiP,HSPiP
284,Diethyl carbonate,CCOC(=O)OCC,15.1,6.3,3.5,HSPiP,HSPiP,HSPiP
285,Diisopropylamine,CC(C)NC(C)C,14.8,1.7,3.5,HSPiP,HSPiP,HSPiP
286,Dimethyl succinate,COC(=O)CCC(=O)OC,16.1,7.7,8.8,HSPiP,HSPiP,HSPiP
287,Propylene glycol diacetate,CC(=O)OCC(C)OC(C)=O,16.6,5.6,7.8,HSPiP,HSPiP,HSPiP
288,p-Menthane,CC1CCC(C(C)C)CC1,16.1,0.1,0.1,HSPiP,HSPiP,HSPiP
289,Dimethyl phthalate,CC(O)CN,18.6,10.8,4.9,HSPiP,HSPiP,HSPiP
290,Benzyl acetate,CC(=O)OCc1ccccc1,18.3,5.7,6.0,HSPiP,HSPiP,HSPiP
291,Di(propylene glycol) propyl ether,CCCOCC(C)OCC(C)O,15.6,6.1,11.0,HSPiP,HSPiP,HSPiP
292,2-Phenylethanol,OCCc1ccccc1,18.3,5.6,11.2,HSPiP,HSPiP,HSPiP
293,Isopropyl myristate,CCCCCCCCCCCCCC(=O)OC(C)C,15.9,2.1,2.8,HSPiP,HSPiP,HSPiP
294,N-Butyl pyrrolidone,CCCCN1CCCC1=O,17.5,9.9,5.8,HSPiP,HSPiP,HSPiP
295,Dibutylphthalate,CCCCOC(=O)c1ccccc1C(=O)OCCCC,17.8,8.6,4.1,HSPiP,HSPiP,HSPiP
296,"1,3-Propanediol",OCCCO,16.8,13.5,23.2,HSPiP,HSPiP,HSPiP
297,Isopropyl palmitate,CCCCCCCCCCCCCCCC(=O)OC(C)C,16.2,3.9,3.7,HSPiP,HSPiP,HSPiP
298,Geraniol,CC(C)=CCC/C(C)=C/CO,16.9,4.2,7.6,HSPiP,HSPiP,HSPiP
299,"3,3-Dimethyl-2-butanone",CC(=O)C(C)(C)C,15.1,5.2,3.4,HSPiP,HSPiP,HSPiP
300,"2,4,6-Trimethylpyridine",Cc1cc(C)nc(C)c1,17.6,4.8,4.0,HSPiP,HSPiP,HSPiP
301,1-Chloropropane,CCCCl,16.0,7.8,2.0,HSPiP,HSPiP,HSPiP
302,Methyl myristate,CCCCCCCCCCCCCC(=O)OC,16.1,2.5,3.4,HSPiP,HSPiP,HSPiP
303,"1,3-Dioxolane",C1COCO1,18.1,6.6,9.3,HSPiP,HSPiP,HSPiP
304,2-Ethoxy-2-methylbutane ,CCOC(C)(C)CC,14.7,3.0,2.5,HSPiP,HSPiP,HSPiP
305,4-Hydroxy-4-methyl-2-pentanone,CC(=O)CC(C)(C)O,15.8,8.2,10.8,HSPiP,HSPiP,HSPiP
306,Cyclohexyldimethylamine,CN(C)C1CCCCC1,16.23,2.26,2.96,HSPiP,HSPiP,HSPiP
307,"2-Methylpentane-2,4-diol ",CC(O)CC(C)(C)O,16.7,6.9,14.8,HSPiP,HSPiP,HSPiP
308,1-Aminopropan-2-ol,CC(O)CN,17.4,8.5,16.2,HSPiP,HSPiP,HSPiP
309,Methyl octanoate,CC(O)C(C)O,16.0,4.0,5.0,HSPiP,HSPiP,HSPiP
310,"2,2,4,6,6-Pentamethylheptane ",CC(CC(C)(C)C)CC(C)(C)C,14.7,0.1,0.1,HSPiP,HSPiP,HSPiP
311,"2,4,4-Trimethylpentene",C=C(C)CC(C)(C)C,14.7,1.1,1.4,HSPiP,HSPiP,HSPiP
312,"N,N-Dimethyl decanamide",CCCCCCCCCC(=O)N(C)C,16.65,6.4,4.77,HSPiP,HSPiP,HSPiP
313,"1,2,4-Trimethylbenzene",Cc1ccc(C)c(C)c1,18.0,1.0,1.0,HSPiP,HSPiP,HSPiP
314,Tetradecane,CCCCCCCCCCCCCC,16.2,0.0,0.0,HSPiP,HSPiP,HSPiP
315,4-Chlorotoluene,Cc1ccc(Cl)cc1,19.1,6.2,2.6,HSPiP,HSPiP,HSPiP
316,2-(2-Aminoethoxy)ethanol ,NCCOCCO,17.3,9.0,16.7,HSPiP,HSPiP,HSPiP
317,2-Methylpyridine,Cc1ccccn1,18.4,6.4,5.7,HSPiP,HSPiP,HSPiP
318,"2,4-Dimethyl-3-pentanone",CC(C)C(=O)C(C)C,15.4,4.9,2.8,HSPiP,HSPiP,HSPiP
319,Methylcyclopentane,CC1CCCC1,16.0,0.0,1.0,HSPiP,HSPiP,HSPiP
320,"2,3-Butanediol",CC(O)C(C)O,16.7,8.7,19.4,HSPiP,HSPiP,HSPiP
321,1-Pentene,C=CCCC,13.9,1.4,3.8,HSPiP,HSPiP,HSPiP
322,1-Ethyl-3-methylimidazolium tetrafluoroborate,CCn1cc[n+](C)c1.F[B-](F)(F)F,16.69129525326489,6.19355064812946,5.854815527206724,SFER_prediction,SFER_prediction,SFER_prediction
323,2-Ethylhexanol,CCCCC(CC)CO,15.9,3.3,11.8,HSPiP,HSPiP,HSPiP
324,Dipropylene glycol,CC(O)COCC(C)O,16.7,8.2,15.5,HSPiP,HSPiP,HSPiP
325,Tetradecanol,CCCCCCCCCCCCCCO,16.1,3.2,8.8,HSPiP,HSPiP,HSPiP
326,Propylene glycol methyl ether,COCC(C)O,15.6,6.3,11.6,HSPiP,HSPiP,HSPiP
327,Piperidine,C1CCNCC1,17.3,4.5,8.2,HSPiP,HSPiP,HSPiP
328,Methyl benzoate,COC(=O)c1ccccc1,18.9,8.2,4.7,HSPiP,HSPiP,HSPiP
329,β-Farnesene,C=CC(=C)CCC=C(C)CCC=C(C)C,16.46,1.49,2.81,HSPiP,HSPiP,HSPiP
330,Benzylamine,NCc1ccccc1,19.0,4.6,9.4,HSPiP,HSPiP,HSPiP
331,Trifluoroacetic acid,O=C(O)C(F)(F)F,15.6,9.7,11.4,HSPiP,HSPiP,HSPiP
332,Isoamyl butyrate,CCCC(=O)OCCC(C)C,15.7,3.3,4.3,HSPiP,HSPiP,HSPiP
333,"N,N'-Dimethylethyleneurea",CN1CCN(C)C1=O,18.0,9.6,8.6,HSPiP,HSPiP,HSPiP
334,Ethyl benzoate,CCOC(=O)c1ccccc1,17.9,6.2,6.0,HSPiP,HSPiP,HSPiP
335,Dibutyl sebacate,CCCCOC(=O)CCCCCCCCC(=O)OCCCC,16.7,4.5,4.1,HSPiP,HSPiP,HSPiP
336,Trichloroacetic acid,O=C(O)C(Cl)(Cl)Cl,18.3,7.0,13.0,HSPiP,HSPiP,HSPiP
337,Bromoform,BrC(Br)Br,20.0,5.0,7.0,HSPiP,HSPiP,HSPiP
338,Lactic acid,CC(O)C(=O)O,17.0,8.3,28.4,HSPiP,HSPiP,HSPiP
339,Diethyl succinate,CCOC(=O)CCC(=O)OCC,16.3,5.9,7.1,HSPiP,HSPiP,HSPiP
340,Dimethyl sebacate,COC(=O)CCCCCCCCC(=O)OC,16.6,2.9,6.7,HSPiP,HSPiP,HSPiP
341,N-Ethyl pyrrolidone,CCN1CCCC1=O,18.0,12.0,7.0,HSPiP,HSPiP,HSPiP
342,Octyl acetate,CCCCCCCCOC(C)=O,15.8,2.9,5.1,HSPiP,HSPiP,HSPiP
343,n-Propyl bromide,CCCBr,16.4,7.9,4.8,HSPiP,HSPiP,HSPiP
344,N-Methyl formamide,CNC=O,17.4,18.8,15.9,HSPiP,HSPiP,HSPiP
345,1-Chlorohexane,CCCCCCCl,16.1,6.2,1.7,HSPiP,HSPiP,HSPiP
346,"1,1,2-Trichloroethane",ClCC(Cl)Cl,18.2,5.3,6.8,HSPiP,HSPiP,HSPiP
347,Furan,c1ccoc1,17.0,1.8,5.3,HSPiP,HSPiP,HSPiP
348,"Dimethyl-1,3-propyleneurea",CN1CCCN(C)C1=O,17.87,8.35,7.53,HSPiP,HSPiP,HSPiP
349,Ethylene glycol diethyl ether ,CCOCCOCC,15.4,5.4,5.2,HSPiP,HSPiP,HSPiP
350,Ethylene glycol dibutyl ether ,CCCCOCCOCCCC,15.7,4.5,4.2,HSPiP,HSPiP,HSPiP
351,cis-Decalin,C1CCC2CCCCC2C1,16.9,0.1,0.1,HSPiP,HSPiP,HSPiP
352,Trichlorofluoromethane,FC(Cl)(Cl)Cl,15.3,2.0,0.0,HSPiP,HSPiP,HSPiP
353,Dibutyl adipate,CCCCOC(=O)CCCCC(=O)OCCCC,16.3,3.7,4.9,HSPiP,HSPiP,HSPiP
354,Guaiacol,COc1ccccc1O,18.0,7.0,12.0,HSPiP,HSPiP,HSPiP
355,Dimethyl lactamide,CC(O)C(=O)N(C)C,17.91,12.54,15.15,HSPiP,HSPiP,HSPiP
356,Methyl propionate ,CCC(=O)OC,15.5,6.5,7.7,HSPiP,HSPiP,HSPiP
357,Acetal,CCOC(C)OCC,15.0,3.4,4.0,HSPiP,HSPiP,HSPiP
358,Benzyl formate,O=COCc1ccccc1,18.1,5.6,6.7,HSPiP,HSPiP,HSPiP
359,Methyl stearate,CCCCCCCCCCCCCCCCCC(=O)OC,16.0,2.1,2.9,HSPiP,HSPiP,HSPiP
360,2-Chloroethanol,OCCCl,16.9,8.8,17.2,HSPiP,HSPiP,HSPiP
361,Hexyl hexanoate,CCCCCCOC(=O)CCCCC,16.1,3.1,4.1,HSPiP,HSPiP,HSPiP
362,Naphthalene,c1ccc2ccccc2c1,19.2,2.0,5.9,HSPiP,HSPiP,HSPiP
363,"1,6-Hexanediol",OCCCCCCO,15.7,8.4,17.8,HSPiP,HSPiP,HSPiP
364,Ethyl isobutyrate,CCOC(=O)C(C)C,15.5,4.6,5.3,HSPiP,HSPiP,HSPiP
365,1-Nitropropane,CCC[N+](=O)[O-],16.6,12.3,5.5,HSPiP,HSPiP,HSPiP
366,Perfluorohexane,FC(F)(F)C(F)(F)C(F)(F)C(F)(F)C(F)(F)C(F)(F)F,12.1,0.0,0.0,HSPiP,HSPiP,HSPiP
367,L-Linalool,C=CC(C)(O)CCC=C(C)C,16.8,2.9,6.9,HSPiP,HSPiP,HSPiP
368,Ethylamine,CCN,15.0,5.6,10.7,HSPiP,HSPiP,HSPiP
369,"N,N'-Dimethyl decan-9-enamide",C=CCCCCCCCC(=O)N(C)C,16.7,6.73,4.54,HSPiP,HSPiP,HSPiP
370,2-Methylpentane,CCCC(C)C,14.6,0.1,0.1,HSPiP,HSPiP,HSPiP
371,Ethyl isovalerate,CCOC(=O)CC(C)C,15.5,4.1,5.0,HSPiP,HSPiP,HSPiP
372,γ-Terpinene,CC1=CCC(C(C)C)=CC1,16.6,1.7,3.7,HSPiP,HSPiP,HSPiP
373,"α,α,α-Trifluorotoluene",FC(F)(F)c1ccccc1,16.4,2.6,2.6,HSPiP,HSPiP,HSPiP
374,Tetramethylsilane,C[Si](C)(C)C,12.94,1.68,1.99,HSPiP,HSPiP,HSPiP
375,α-Terpinene,CC1=CC=C(C(C)C)CC1,16.7,1.6,3.7,HSPiP,HSPiP,HSPiP
376,"1,2-Dimethoxybenzene",COc1ccccc1OC,19.2,4.4,9.4,HSPiP,HSPiP,HSPiP
377,Ethyl trichloroacetate,CCOC(=O)C(Cl)(Cl)Cl,17.4,4.4,5.1,HSPiP,HSPiP,HSPiP
378,"2,4-Dimethylpyridine",Cc1ccnc(C)c1,18.0,5.5,4.7,HSPiP,HSPiP,HSPiP
379,Diethyl adipate,CCOC(=O)CCCCC(=O)OCC,16.4,6.2,7.5,HSPiP,HSPiP,HSPiP
380,2-Methoxyethyl acetate,COCCOC(C)=O,15.9,5.5,11.6,HSPiP,HSPiP,HSPiP
381,Hexafluorobenzene,Fc1c(F)c(F)c(F)c(F)c1F,16.0,0.0,0.0,HSPiP,HSPiP,HSPiP
382,Tetramethyloxolane,CC1(C)CCC(C)(C)O1,15.57,2.31,2.38,HSPiP,HSPiP,HSPiP
383,"1,1,3,3-Tetramethyl urea",CN(C)C(=O)N(C)C,16.7,8.2,11.0,HSPiP,HSPiP,HSPiP
384,p-Difluorobenzene,Fc1ccc(F)cc1,17.9,5.7,4.3,HSPiP,HSPiP,HSPiP
385,Propyl formate,CCCOC=O,15.5,7.1,8.6,HSPiP,HSPiP,HSPiP
386,Butyl laurate,CCCCCCCCCCCC(=O)OCCCC,16.1,2.6,3.2,HSPiP,HSPiP,HSPiP
387,"1,4-Cineol",CC(C)C12CCC(C)(CC1)O2,16.9,3.3,2.5,HSPiP,HSPiP,HSPiP
388,5-Nonanone,CCCCC(=O)CCCC,16.0,7.7,4.4,HSPiP,HSPiP,HSPiP
389,"1,3-Dioxane",C1COCOC1,17.2,8.1,7.5,HSPiP,HSPiP,HSPiP
390,Butyl formate,CCCCOC=O,15.7,6.5,9.2,HSPiP,HSPiP,HSPiP
391,Di-n-propyl ether,CCCOCCC,15.1,3.2,3.2,HSPiP,HSPiP,HSPiP
392,Hexamethylphosphoramide,CN(C)P(=O)(N(C)C)N(C)C,17.82,11.91,8.64,HSPiP,HSPiP,HSPiP
393,"E-1,2-Dichloroethylene",ClC=CCl,17.32,5.85,3.6,HSPiP,HSPiP,HSPiP
394,Ethyl oleate,CCCCCCCCC=CCCCCCCCC(=O)OCC,16.2,3.2,4.0,HSPiP,HSPiP,HSPiP
395,"2,6-Dimethylpyridine",Cc1cccc(C)n1,18.0,5.5,4.7,HSPiP,HSPiP,HSPiP
396,Methyl isobutyrate,COC(=O)C(C)C,15.6,5.1,6.1,HSPiP,HSPiP,HSPiP
397,Ethyl laurate,CCCCCCCCCCCC(=O)OCC,16.0,3.0,3.5,HSPiP,HSPiP,HSPiP
398,2-Fluoropyridine,Fc1ccccn1,18.31,8.05,6.31,HSPiP,HSPiP,HSPiP
399,"N,N-Diethyl acetamide",CCN(CC)C(C)=O,16.4,11.3,7.5,HSPiP,HSPiP,HSPiP
400,"2,5-Dimethyltetrahydrofuran",CC1CCC(C)O1,16.0,3.8,4.2,HSPiP,HSPiP,HSPiP
401,"2,2-Dimethyl-1,3-dioxolane",CC1(C)OCCO1,16.16,5.84,5.76,HSPiP,HSPiP,HSPiP
402,1-Chloropentane,CCCCCCl,16.0,6.9,1.9,HSPiP,HSPiP,HSPiP
403,Methyl pivalate,COC(=O)C(C)(C)C,15.1,4.0,5.1,HSPiP,HSPiP,HSPiP
404,Methyl levulinate,COC(=O)CCC(C)=O,16.8,8.4,7.5,HSPiP,HSPiP,HSPiP
405,"2,5-Dimethylhexane",CC(C)CCC(C)C,14.8,0.1,0.1,HSPiP,HSPiP,HSPiP
406,Methyl linolenate,CCC=CCC=CCC=CCCCCCCCC(=O)OC,16.64,2.57,3.51,HSPiP,HSPiP,HSPiP
407,"Spiro[6,​8-​dioxabicyclo[3.2.1]​octane-​4,​2'-​[1,​3]​dioxolane]",C1COC2(CCC3COC2O3)O1,18.31,8.19,6.88,HSPiP,HSPiP,HSPiP
408,"Spiro[6,​8-​dioxabicyclo[3.2.1]​octane-​4,​2'-​[1,​3]​dioxane]",C1COC2(CCC3COC2O3)OC1,18.0,7.8,6.1,HSPiP,HSPiP,HSPiP
409,"Spiro[6,​8-​dioxabicyclo[3.2.1]​octane-​4,​2'-​[1,​3]​dioxepane]",C1CCOC2(CCC3COC2O3)OC1,17.8,6.6,5.6,HSPiP,HSPiP,HSPiP
410,"1,1,1,3,3-Pentafluorobutane",CC(F)(F)CC(F)(F)F,16.4,0.0,0.0,HSPiP,HSPiP,HSPiP
411,"(1R,5R)-6,8-Dioxabicyclo[3.2.1]octan-2-one",O=C1CCC2OCC1O2,18.9,12.4,7.1,HSPiP,HSPiP,HSPiP
