,solvent_name,smiles,bp,mp,bp_source,mp_source
0,"1,2-Dichloroethane",ClCCCl,356.594,237.49,NIST WebBook,NIST WebBook
1,Acetic acid,CC(=O)O,391.05,289.81,NIST WebBook,NIST WebBook
2,Toluene,Cc1ccccc1,383.78,178.18,NIST WebBook,NIST WebBook
3,p-Xylene,Cc1ccc(C)cc1,411.51,286.41,NIST WebBook,NIST WebBook
4,Acetone,CC(C)=O,329.44,178.45,NIST WebBook,NIST WebBook
5,Cyclohexanone,O=C1CCCCC1,428.58,242.0,NIST WebBook,NIST WebBook
6,Ethylene glycol,OCCO,470.45,260.15,NIST WebBook,NIST WebBook
7,Cyclohexane,C1CCCCC1,353.87,279.69,NIST WebBook,NIST WebBook
8,"1,4-Dioxane",C1COCCO1,374.47,284.95,NIST WebBook,NIST WebBook
9,Pyridine,c1ccncc1,388.41,231.53,NIST WebBook,NIST WebBook
10,Dimethyl sulphoxide,CS(C)=O,464.0,291.67,NIST WebBook,NIST WebBook
11,"2,6-Dimethyl-4-heptanone",CC(C)CC(=O)CC(C)C,441.41,227.17,NIST WebBook,NIST WebBook
12,n-Hexane,CCCCCC,341.88,177.83,NIST WebBook,NIST WebBook
13,n-Heptane,CCCCCCC,371.58,182.57,NIST WebBook,NIST WebBook
14,Methylcyclohexane,CC1CCCCC1,374.084,146.58,NIST WebBook,NIST WebBook
15,Diethyl ether,CCOCC,307.58,156.85,NIST WebBook,NIST WebBook
16,Carbon tetrachloride,ClC(Cl)(Cl)Cl,349.79,250.33,NIST WebBook,NIST WebBook
17,Methanol,CO,337.85,175.47,NIST WebBook,NIST WebBook
18,Ethanol,CCO,351.44,159.05,NIST WebBook,NIST WebBook
19,4-Methyl-2-pentanone,CC(=O)CC(C)C,389.15,189.15,NIST WebBook,NIST WebBook
20,Isopropyl acetate,CC(=O)OC(C)C,361.65,199.75,NIST WebBook,NIST WebBook
21,Acetonitrile,CC#N,354.75,229.32,NIST WebBook,NIST WebBook
22,"N,N-Dimethyl formamide",CN(C)C=O,425.15,212.72,NIST WebBook,NIST WebBook
23,Chlorobenzene,Clc1ccccc1,404.87,227.95,NIST WebBook,NIST WebBook
24,N-Methyl-pyrrolidin-2-one,CN1CCCC1=O,477.42,249.15,NIST WebBook,NIST WebBook
25,Propylene carbonate,CC1COC(=O)O1,441.39887380492314,242.0018624860854,SFER_prediction,SFER_prediction
26,Nitromethane,C[N+](=O)[O-],374.35,244.6,NIST WebBook,NIST WebBook
27,Ethyl acetate,CCOC(C)=O,350.21,189.6,NIST WebBook,NIST WebBook
28,Methyl ethyl ketone,CCC(C)=O,352.79,186.48,NIST WebBook,NIST WebBook
29,1-Butanol,CCCCO,390.81,183.85,NIST WebBook,NIST WebBook
30,2-Propanol,CC(C)O,355.41,185.28,NIST WebBook,NIST WebBook
31,Chloroform,ClC(Cl)Cl,334.33,209.63,NIST WebBook,NIST WebBook
32,n-Pentane,CCCCC,309.22,143.42,NIST WebBook,NIST WebBook
33,Dichloromethane,ClCCl,312.9,178.01,NIST WebBook,NIST WebBook
34,Benzene,c1ccccc1,353.24,278.68,NIST WebBook,NIST WebBook
35,Tetrahydrofuran,C1CCOC1,339.12,164.65,NIST WebBook,NIST WebBook
36,Mesitylene,Cc1cc(C)cc(C)c1,437.89,228.424,NIST WebBook,NIST WebBook
37,Nitrobenzene,O=[N+]([O-])c1ccccc1,483.95,278.91,NIST WebBook,NIST WebBook
38,Water,O,373.15,273.15,NIST WebBook,NIST WebBook
39,t-Butanol,CC(C)(C)O,355.57,298.97,NIST WebBook,NIST WebBook
40,t-Butyl methyl ether,COC(C)(C)C,328.35,164.55,NIST WebBook,NIST WebBook
41,2-Methoxyethanol,COCCO,397.5,188.05,NIST WebBook,NIST WebBook
42,Isoamyl alcohol,CC(C)CCO,404.15,155.95,NIST WebBook,NIST WebBook
43,"1,2-Dimethoxyethane",COCCOC,357.75,215.15,NIST WebBook,NIST WebBook
44,Diisopropyl ether,CC(C)OC(C)C,341.45,187.65,NIST WebBook,NIST WebBook
45,Solketal,CC1(C)OCC(CO)O1,505.2336212198977,293.7244732652474,SFER_prediction,SFER_prediction
46,n-Octane,CCCCCCCC,398.83,216.38,NIST WebBook,NIST WebBook
47,d-Limonene,C=C(C)C1CC=C(C)CC1,447.9544870755742,238.5058651842148,SFER_prediction,SFER_prediction
48,"1,2-Dichlorobenzene",Clc1ccccc1Cl,453.57,256.15,NIST WebBook,NIST WebBook
49,Sulpholane,O=S1(=O)CCCC1,560.45,300.55,NIST WebBook,NIST WebBook
50,Triethylamine,CCN(CC)CC,361.92,158.45,NIST WebBook,NIST WebBook
51,Dimethyl carbonate,COC(=O)OC,363.4,273.15,NIST WebBook,NIST WebBook
52,Isobutanol,CC(C)CO,380.81,165.15,NIST WebBook,NIST WebBook
53,1-Propanol,CCCO,370.35,146.95,NIST WebBook,NIST WebBook
54,Methyl acetate,COC(C)=O,330.09,175.15,NIST WebBook,NIST WebBook
55,"N,N-Dimethyl acetamide",CC(=O)N(C)C,439.25,253.15,NIST WebBook,NIST WebBook
56,Glycerol triacetate,CC(=O)OCC(COC(C)=O)OC(C)=O,532.15,277.25,NIST WebBook,NIST WebBook
57,Ethyl lactate,CCOC(=O)C(C)O,444.9367424177835,253.1274353463679,SFER_prediction,SFER_prediction
58,2-Butanol,CCC(C)O,375.18901307746256,238.9971000675916,SFER_prediction,SFER_prediction
59,Butyl acetate,CCCCOC(C)=O,399.26,199.65,NIST WebBook,NIST WebBook
60,Tetrachloroethylene,ClC(Cl)=C(Cl)Cl,394.4,250.8,NIST WebBook,NIST WebBook
61,Di(ethylene glycol),OCCOCCO,517.95,262.7,NIST WebBook,NIST WebBook
62,Carbon disulphide,S=C=S,308.2904649746972,177.1891601911473,SFER_prediction,SFER_prediction
63,"1,2-Propanediol",CC(O)CO,456.00736643575067,292.252235161548,SFER_prediction,SFER_prediction
64,Cyclopentyl methyl ether,COC1CCCC1,380.5332881274116,213.7018219431828,SFER_prediction,SFER_prediction
65,Trichloroethylene,ClC=C(Cl)Cl,360.1,188.4,NIST WebBook,NIST WebBook
66,Anisole,COc1ccccc1,426.73,235.65,NIST WebBook,NIST WebBook
67,Ethyl formate,CCOC=O,327.46,193.55,NIST WebBook,NIST WebBook
68,p-Cymene,Cc1ccc(C(C)C)cc1,450.28,205.25,NIST WebBook,NIST WebBook
69,Cyrene,O=C1CCC2COC1O2,494.30920369432545,262.2563842538902,SFER_prediction,SFER_prediction
70,Cyclopentanone,O=C1CCCC1,403.8,221.85,NIST WebBook,NIST WebBook
71,2-Methyltetrahydrofuran,CC1CCCO1,350.1444542139712,199.325921504781,SFER_prediction,SFER_prediction
72,Glycerol,OCC(O)CO,561.0,291.33,NIST WebBook,NIST WebBook
73,у-Valerolactone,CC1CCC(=O)O1,437.5897412087951,239.4015641294829,SFER_prediction,SFER_prediction
74,"2,2,2-Trifluoroethanol",OCC(F)(F)F,328.7921201254976,243.3447893043514,SFER_prediction,SFER_prediction
75,Dimethyl isosorbide,CO[C@H]1CO[C@H]2[C@@H]1OC[C@H]2OC,534.61986779517,276.4145034222825,SFER_prediction,SFER_prediction
76,Fluorobenzene,Fc1ccccc1,357.884,230.94,NIST WebBook,NIST WebBook
77,Hexafluoroisopropanol,OC(C(F)(F)F)C(F)(F)F,347.0839903954593,274.0920169075672,SFER_prediction,SFER_prediction
78,Ethylene carbonate,O=C1OCCO1,521.35,309.55,NIST WebBook,NIST WebBook
79,Carbon dioxide,O=C=O,174.9605612805887,216.58,SFER_prediction,NIST WebBook
80,Phenol,Oc1ccccc1,454.99,314.06,NIST WebBook,NIST WebBook
81,Ethyl benzene,CCc1ccccc1,409.35,178.2,NIST WebBook,NIST WebBook
82,2-Methyl-2-butanol,CCC(C)(C)O,375.15,264.35,NIST WebBook,NIST WebBook
83,3-Pentanone,CCC(=O)CC,375.14,234.18,NIST WebBook,NIST WebBook
84,2-Heptanone ,CCCCCC(C)=O,424.18,238.15,NIST WebBook,NIST WebBook
85,Isoamyl acetate,CC(=O)OCCC(C)C,415.15,194.65,NIST WebBook,NIST WebBook
86,Isooctane,CC(C)CC(C)(C)C,372.388,165.777,NIST WebBook,NIST WebBook
87,Isobutyl acetate,CC(=O)OCC(C)C,389.8,174.3,NIST WebBook,NIST WebBook
88,1-Ethoxypropan-2-ol,CCOCC(C)O,417.2932656180891,246.1371681133483,SFER_prediction,SFER_prediction
89,Morpholine,C1COCCN1,401.15,268.55,NIST WebBook,NIST WebBook
90,n-Decane,CCCCCCCCCC,447.305,243.51,NIST WebBook,NIST WebBook
91,1-Octanol,CCCCCCCCO,468.35,257.65,NIST WebBook,NIST WebBook
92,Diethylene glycol monomethyl ether,COCCOCCO,466.75,208.15,NIST WebBook,NIST WebBook
93,α-Pinene,CC1=CCC2CC1C2(C)C,433.67778114168175,233.5519817339066,SFER_prediction,SFER_prediction
94,Benzyl alcohol,OCc1ccccc1,477.85,257.85,NIST WebBook,NIST WebBook
95,Tri(ethylene glycol),OCCOCCOCCO,561.5,265.95,NIST WebBook,NIST WebBook
96,Acetophenone,CC(=O)c1ccccc1,475.26,292.805,NIST WebBook,NIST WebBook
97,2-(2-Butoxyethoxy)ethyl acetate ,CCCCOCCOCCOC(C)=O,518.45,240.95,NIST WebBook,NIST WebBook
98,2-(2-(2-Methoxyethoxy)ethoxy)ethanol ,COCCOCCOCCO,522.15,229.15,NIST WebBook,NIST WebBook
99,Diethylene glycol monobutyl ether,CCCCOCCOCCO,504.15,205.15,NIST WebBook,NIST WebBook
100,Methyl laurate,CCCCCCCCCCCC(=O)OC,540.0,278.15,NIST WebBook,NIST WebBook
101,Acetic anhydride,CC(=O)OC(C)=O,412.7,200.15,NIST WebBook,NIST WebBook
102,Formic acid ,O=CO,373.71,281.55,NIST WebBook,NIST WebBook
103,2-Butoxyethanol,CCCCOCCO,444.47,199.17,NIST WebBook,NIST WebBook
104,m-Xylene,Cc1cccc(C)c1,412.27,225.3,NIST WebBook,NIST WebBook
105,o-Xylene,Cc1ccccc1C,417.58,247.98,NIST WebBook,NIST WebBook
106,Methyl formate,COC=O,304.9,174.15,NIST WebBook,NIST WebBook
107,Chloroacetic acid,O=C(O)CCl,462.5,333.15,NIST WebBook,NIST WebBook
108,2-Pentanone,CCCC(C)=O,375.46,196.29,NIST WebBook,NIST WebBook
109,1-Pentanol,CCCCCO,410.95,195.56,NIST WebBook,NIST WebBook
110,Butyl (S)-lactate,CCCCOC(=O)C(C)O,476.346023011886,266.3288042399874,SFER_prediction,SFER_prediction
111,1-Heptanol,CCCCCCCO,449.45,239.15,NIST WebBook,NIST WebBook
112,Cyclohexanol,OC1CCCCC1,434.0,296.6,NIST WebBook,NIST WebBook
113,Dibutyl ether,CCCCOCCCC,414.15,175.3,NIST WebBook,NIST WebBook
114,"1,1,1-Trichloroethane",CC(Cl)(Cl)Cl,347.233,243.1,NIST WebBook,NIST WebBook
115,Acetaldehyde,CC=O,294.0,150.15,NIST WebBook,NIST WebBook
116,Dodecane,CCCCCCCCCCCC,489.473,263.568,NIST WebBook,NIST WebBook
117,2-Butoxyethyl acetate ,CCCCOCCOC(C)=O,465.15,209.65,NIST WebBook,NIST WebBook
118,Dimethyl ether,COC,248.31,131.66,NIST WebBook,NIST WebBook
119,(-)-Pin-2(10)-ene,C=C1CCC2C1C2(C)C,421.3444625958201,229.17750497207,SFER_prediction,SFER_prediction
120,Diethanolamine,OCCNCCO,541.54,301.15,NIST WebBook,NIST WebBook
121,2-Aminoethanol,NCCO,443.15,283.65,NIST WebBook,NIST WebBook
122,Triethanolamine,OCCN(CCO)CCO,608.54,294.35,NIST WebBook,NIST WebBook
123,1-Nonanol,CCCCCCCCCO,486.25,268.15,NIST WebBook,NIST WebBook
124,2-Methyl-1-butanol,CCC(C)CO,387.6678991641885,248.5505191027804,SFER_prediction,SFER_prediction
125,"1,4-Dichlorobenzene",Clc1ccc(Cl)cc1,447.21,326.14,NIST WebBook,NIST WebBook
126,Dimethylamine,CNC,280.03,180.96,NIST WebBook,NIST WebBook
127,t-Butyl acetate,CC(=O)OC(C)(C)C,369.15,215.0,NIST WebBook,NIST WebBook
128,Formaldehyde,C=O,254.05,181.15,NIST WebBook,NIST WebBook
129,"1,1,1,2-Tetrafluoroethane",FCC(F)(F)F,247.08,172.0,NIST WebBook,NIST WebBook
130,"Alcohols, C8-10-iso-, C9-rich ",CC(C)CCCCCCO,469.3832379732596,284.9194090094932,SFER_prediction,SFER_prediction
131,"Alcohols, C9-11-iso-, C10-rich ",CC(C)CCCCCCCO,493.0,213.15,NIST WebBook,NIST WebBook
132,"Aliphatic hydrocarbons (C8-16, kerosine)",CCCCCCCCCC,447.305,243.51,NIST WebBook,NIST WebBook
133,Aromatic hydrocarbons (C6-8),c1ccccc1,353.24,278.68,NIST WebBook,NIST WebBook
134,FAME (C14-18),CCCCCCCCC=CCCCCCCCC(=O)OC,593.0005809258212,292.6913467987152,SFER_prediction,SFER_prediction
135,FAME (veg oil),CCCCCCCCCCCCCCCC(=O)OC,605.0,303.05,NIST WebBook,NIST WebBook
136,"Renewable hydrocarbons (NExBTL renewable diesel, diesel type fraction, contains C15)",CCCCCCCCCCCCCC,526.727,279.01,NIST WebBook,NIST WebBook
137,FAME (C16-C18),CCCCCCCCC=CCCCCCCCC(=O)OC,593.0005809258212,292.6913467987152,SFER_prediction,SFER_prediction
138,Renewable hydrocarbons (gasoline type fraction),CCCCCC,341.88,177.83,NIST WebBook,NIST WebBook
139,Renewable hydrocarbons (kerosine type fraction) ,CCCCCCCCCCCCCCCC,560.014,291.308,NIST WebBook,NIST WebBook
140,"Renewable hydrocarbons (C15-18, branched) ",CCCCCCCCCCCCCC(C)C,537.5682347133691,263.5144171048232,SFER_prediction,SFER_prediction
141,FAME (C12-16),CCCCCCCCCCCC(=O)OC,540.0,278.15,NIST WebBook,NIST WebBook
142,Di(propylene glycol) methyl ether acetate,COCCCOCCCOC(C)=O,524.1861593237167,273.5941617791877,SFER_prediction,SFER_prediction
143,FAME (C12-14),CCCCCCCCCCCC(=O)OC,540.0,278.15,NIST WebBook,NIST WebBook
144,Monoglycerides (C16-18),CCCCCCCCC=CCCCCCCCC(=O)OCC(O)CO,625.1045328553639,342.5196468037383,SFER_prediction,SFER_prediction
145,Dibasic esters (DBE): Reaction mass of dimethyl adipate and dimethyl glutarate and dimethyl succinate,COC(=O)CCCCC(=O)OC,497.1177141021884,263.2021187038463,SFER_prediction,SFER_prediction
146,Decahydronaphthalene (mixed isomers),Fc1c(F)c(F)c(-c2c(F)c(F)c(F)c(F)c2F)c(F)c1F,519.9719111808301,274.0082607712372,SFER_prediction,SFER_prediction
147,"Short chain chlorinated paraffins (C10-13, alkanes)",CCC(Cl)CC(Cl)C(Cl)C(Cl)C(Cl)C(C)Cl,598.1204379203316,299.0027322952543,SFER_prediction,SFER_prediction
148,"Aromatic hydrocarbons (C7-12, mostly C8)",Cc1ccccc1,383.78,178.18,NIST WebBook,NIST WebBook
149,Hydrocarbons C9-16,CCCCCCCCCC,447.305,243.51,NIST WebBook,NIST WebBook
150,Gasoline (C4-C8),CCCCCC,341.88,177.83,NIST WebBook,NIST WebBook
151,"Aliphatic hydrocarbons (C3-6, rich in pentanes)",CCCCC,309.22,143.42,NIST WebBook,NIST WebBook
152,White mineral oil (C15-50),CCCCCCCCCCCCCCCC,560.014,291.308,NIST WebBook,NIST WebBook
153,Renewable hydrocarbons (naphtha type fraction) ,CCCCCC,341.88,177.83,NIST WebBook,NIST WebBook
154,"Glycerol formal (mixture: 1,3-dioxan-5-ol (60%) and 1,3-dioxolane-4-methanol (40%, CAS: 5464-28-8))",OC1COCOC1,497.28658880760725,298.5867715165082,SFER_prediction,SFER_prediction
155,Hydrocarbons C10-18,CCCCCCCCCCCC,489.473,263.568,NIST WebBook,NIST WebBook
156,White spirit type 1 (medium flash),CCCCCCCCC,423.97,219.66,NIST WebBook,NIST WebBook
157,White spirit type 3 (medium flash),CCCCCCCCC(C)C,454.23571117382727,237.6938202400412,SFER_prediction,SFER_prediction
158,Cyclohexanedimethanol,OCC1CCC(CO)CC1,544.8015834897581,334.3455299733458,SFER_prediction,SFER_prediction
159,"1-Isopropyl-2,2-dimethyltrimethylene diisobutyrate",CC(C)C(=O)OCC(C)(C)C(OC(=O)C(C)C)C(C)C,578.5108554368428,295.4519837785452,SFER_prediction,SFER_prediction
160,"2,2,4-Trimethyl-1,3-pentanediol monoisobutyrate",CC(C)C(=O)OCC(C)(C)C(O)C(C)C,541.4689016004512,294.6789381125168,SFER_prediction,SFER_prediction
161,"2,4,7,9-Tetramethyl-4,7-decanediol",CC(C)CC(C)(O)CCC(C)(O)CC(C)C,584.5157075744107,337.3904343942998,SFER_prediction,SFER_prediction
162,Diethylene glycol dibenzoate,O=C(OCCOCCOC(=O)c1ccccc1)c1ccccc1,618.4681396991969,320.5873126297887,SFER_prediction,SFER_prediction
163,Diisobutyl adipate,CC(C)COC(=O)CCCCC(=O)OCC(C)C,563.8724125253004,290.2456822640266,SFER_prediction,SFER_prediction
164,Diisobutyl glutarate,CC(C)COC(=O)CCCC(=O)OCC(C)C,557.1865265930999,287.7113832301225,SFER_prediction,SFER_prediction
165,Diisobutyl succinate,CC(C)COC(=O)CCC(=O)OCC(C)C,541.289644501765,281.0257872785199,SFER_prediction,SFER_prediction
166,2-Phenoxyethanol,OCCOc1ccccc1,517.5698756922645,303.6960603712117,SFER_prediction,SFER_prediction
167,Propylene glycol phenyl ether,CC(CO)Oc1ccccc1,522.3040308506069,298.1561772648013,SFER_prediction,SFER_prediction
168,Diethylene glycol phenyl ether,OCCOCCOc1ccccc1,558.6238489322232,303.3667539889335,SFER_prediction,SFER_prediction
169,2-Pentanol,CCCC(C)O,390.5491870687874,246.1692350040853,SFER_prediction,SFER_prediction
170,t-Butyl ethyl ether,CCOC(C)(C)C,345.95,179.15,NIST WebBook,NIST WebBook
171,Aniline,Nc1ccccc1,457.15,267.13,NIST WebBook,NIST WebBook
172,Cumene,CC(C)c1ccccc1,425.56,177.14,NIST WebBook,NIST WebBook
173,Acetylacetone,CC(=O)CC(C)=O,410.15,249.95,NIST WebBook,NIST WebBook
174,Ethyl butyrate,CCCC(=O)OCC,394.65,175.15,NIST WebBook,NIST WebBook
175,n-Hexyl acetate ,CCCCCCOC(C)=O,444.65,192.25,NIST WebBook,NIST WebBook
176,Diethylamine,CCNCC,328.6,223.35,NIST WebBook,NIST WebBook
177,"1,8-Cineol",CC12CCC(CC1)C(C)(C)O2,477.75489499392665,254.2910090617516,SFER_prediction,SFER_prediction
178,Tetrahydrofurfuryl alcohol,OCC1CCCO1,446.479017548805,261.1347021174591,SFER_prediction,SFER_prediction
179,"1,2,3-Trichloropropane",ClCC(Cl)CCl,430.0,258.45,NIST WebBook,NIST WebBook
180,Di(propylene glycol) dimethyl ether,COCC(C)OCC(C)OC,487.8692318372376,259.4827200119227,SFER_prediction,SFER_prediction
181,Octamethyltrisiloxane,C[Si](C)(C)O[Si](C)(C)O[Si](C)(C)C,425.7,187.15,NIST WebBook,NIST WebBook
182,2-Ethylhexyl acetate,CCCCC(CC)COC(C)=O,480.54995133193984,255.7585770565379,SFER_prediction,SFER_prediction
183,Dimethoxymethane,COCOC,315.0,168.35,NIST WebBook,NIST WebBook
184,Diethyl phthalate ,CCOC(=O)c1ccccc1C(=O)OCC,567.15,269.87,NIST WebBook,NIST WebBook
185,Methyl palmitate,CCCCCCCCCCCCCCCC(=O)OC,605.0,303.05,NIST WebBook,NIST WebBook
186,Formamide,NC=O,493.0,275.7,NIST WebBook,NIST WebBook
187,Diphenyl ether,c1ccc(Oc2ccccc2)cc1,531.46,300.03,NIST WebBook,NIST WebBook
188,γ-Butyrolactone ,O=C1CCCO1,477.15,229.78,NIST WebBook,NIST WebBook
189,Tributylphosphate,CCCCOP(=O)(OCCCC)OCCCC,569.4105689947066,293.9186079921114,SFER_prediction,SFER_prediction
190,Dimethyl sulphide,CSC,310.48,174.88,NIST WebBook,NIST WebBook
191,Ethanethiol,CCS,308.153,125.26,NIST WebBook,NIST WebBook
192,"1,2,3,4-Tetrahydronaphthalene",c1ccc2c(c1)CCCC2,480.77,237.4,NIST WebBook,NIST WebBook
193,Eugenol,C=CCc1ccc(O)c(OC)c1,547.4434523451578,313.4956094882397,SFER_prediction,SFER_prediction
194,Dimethyl adipate,COC(=O)CCCCC(=O)OC,497.1177141021884,263.2021187038463,SFER_prediction,SFER_prediction
195,2-Chloropropane,CC(C)Cl,308.85,155.97,NIST WebBook,NIST WebBook
196,"1,3-Butanediol",CC(O)CCO,471.5183104983365,297.9829670040156,SFER_prediction,SFER_prediction
197,Tripropylene glycol methyl ether,COCC(C)OCC(C)OC(C)CO,554.6484887011756,291.7724641466881,SFER_prediction,SFER_prediction
198,Benzyl benzoate ,O=C(OCc1ccccc1)c1ccccc1,596.39,292.55,NIST WebBook,NIST WebBook
199,Tripropylene glycol butyl ether,CCCCOCC(C)OCC(C)OC(O)CC,587.2821698111889,319.065129036044,SFER_prediction,SFER_prediction
200,n-Hexadecane,CCCCCCCCCCCCCCCC,560.014,291.308,NIST WebBook,NIST WebBook
201,"1,1-Dichloroethylene",C=C(Cl)Cl,304.71,150.59,NIST WebBook,NIST WebBook
202,Perfluoromethylcyclohexane,FC(F)(F)C1(F)C(F)(F)C(F)(F)C(F)(F)C(F)(F)C1(F)F,372.1320437858335,217.9992491268718,SFER_prediction,SFER_prediction
203,2-Nitropropane,CC(C)[N+](=O)[O-],393.4,181.83,NIST WebBook,NIST WebBook
204,Perfluorooctane,FC(F)(F)C(F)(F)C(F)(F)C(F)(F)C(F)(F)C(F)(F)C(F)(F)C(F)(F)F,379.3,250.0,NIST WebBook,NIST WebBook
205,Pefluoro-cis-decalin,FC1(F)C(F)(F)C(F)(F)C2(F)C(F)(F)C(F)(F)C(F)(F)C(F)(F)C2(F)C1(F)F,441.1265308569881,248.0488282848582,SFER_prediction,SFER_prediction
206,2-Chlorophenol,Oc1ccccc1Cl,447.53,282.0,NIST WebBook,NIST WebBook
207,Glycerol ketal of ethyl levulinate,CCOC(=O)CCC1(C)OCC(CO)O1,591.6769013731466,320.2657510138839,SFER_prediction,SFER_prediction
208,Propanediol ketal of ethyl levulinate,CCOC(=O)CCC1(C)OCC(C)O1,541.2804191463224,281.3592094774354,SFER_prediction,SFER_prediction
209,t-Amyl methyl ether,CCC(C)(C)OC,359.51,213.6743644792814,NIST WebBook,SFER_prediction
210,n-Propyl acetate,CCCOC(C)=O,374.65,178.15,NIST WebBook,NIST WebBook
211,2-Dimethylaminoethanol,CN(C)CCO,407.15,214.15,NIST WebBook,NIST WebBook
212,Dipropylene glycol monomethyl ether,COC(C)COC(C)CO,495.13148200449564,272.2029285275094,SFER_prediction,SFER_prediction
213,1-Hexanol,CCCCCCO,430.55,228.55,NIST WebBook,NIST WebBook
214,Diethylene glycol monoethyl ether ,CCOCCOCCO,475.05,219.15,NIST WebBook,NIST WebBook
215,Furfuryl alcohol,OCc1ccco1,443.15,258.52,NIST WebBook,NIST WebBook
216,Propylene glycol monobutyl ether,CCCCOCC(C)O,460.4662653757948,266.5653833491708,SFER_prediction,SFER_prediction
217,2-Methoxy-1-methylethyl acetate,COCC(C)OC(C)=O,446.0361324020508,242.3099077860429,SFER_prediction,SFER_prediction
218,Triethylphosphate,CCOP(=O)(OCC)OCC,488.15,216.65,NIST WebBook,NIST WebBook
219,1-Decanol,CCCCCCCCCCO,504.07,280.05,NIST WebBook,NIST WebBook
220,Hexamethyldisiloxane,C[Si](C)(C)O[Si](C)(C)C,373.67,204.93,NIST WebBook,NIST WebBook
221,Di(propylene glycol) butyl ether,CCCCOCC(C)OCC(C)O,533.3321232590571,286.796301699242,SFER_prediction,SFER_prediction
222,Cyclopentane,C1CCCC1,322.4,179.311,NIST WebBook,NIST WebBook
223,Decamethylcyclopentasiloxane,C[Si]1(C)O[Si](C)(C)O[Si](C)(C)O[Si](C)(C)O[Si](C)(C)O1,484.1,235.15,NIST WebBook,NIST WebBook
224,Propanenitrile,CCC#N,370.5,180.26,NIST WebBook,NIST WebBook
225,2-Ethoxyethanol,CCOCCO,408.15,214.15,NIST WebBook,NIST WebBook
226,Propyl propionate,CCCOC(=O)CC,395.65,197.25,NIST WebBook,NIST WebBook
227,2-Octanol ,CCCCCCC(C)O,450.42718608068424,272.7666443745016,SFER_prediction,SFER_prediction
228,2-Nonanone,CCCCCCCC(C)=O,467.15,265.65,NIST WebBook,NIST WebBook
229,Butyl butyrate,CCCCOC(=O)CCC,438.15,181.15,NIST WebBook,NIST WebBook
230,Ethyl levulinate,CCOC(=O)CCC(C)=O,478.95,240.4,NIST WebBook,NIST WebBook
231,Butyl levulinate,CCCCOC(=O)CCC(C)=O,500.2019969114251,264.9461276040005,SFER_prediction,SFER_prediction
232,1-Bromobutane,CCCCBr,374.75,160.75,NIST WebBook,NIST WebBook
233,Dibenzyl ether,c1ccc(COCc2ccccc2)cc1,561.45,276.75,NIST WebBook,NIST WebBook
234,Triethylene glycol dimethyl ether ,COCCOCCOCCOC,489.15,229.35,NIST WebBook,NIST WebBook
235,1-Propanethiol,CCCS,340.87,159.95,NIST WebBook,NIST WebBook
236,Glycerol carbonate,O=C1OCC(CO)O1,531.9710245450453,319.4661724328681,SFER_prediction,SFER_prediction
237,Propionic acid,CCC(=O)O,414.32,252.45,NIST WebBook,NIST WebBook
238,Octamethylcyclotetrasiloxane,C[Si]1(C)O[Si](C)(C)O[Si](C)(C)O[Si](C)(C)O1,448.15,290.8,NIST WebBook,NIST WebBook
239,"1,4-Butanediol",OCCCCO,501.15,293.05,NIST WebBook,NIST WebBook
240,1-Dodecanol,CCCCCCCCCCCCO,536.95,296.95,NIST WebBook,NIST WebBook
241,bis(2-Ethylhexyl) terephthalate ,CCCCC(CC)COC(=O)c1ccc(C(=O)OCC(CC)CCCC)cc1,634.6928303189615,316.4408967419863,SFER_prediction,SFER_prediction
242,Ethyl propionate,CCOC(=O)CC,372.25,199.25,NIST WebBook,NIST WebBook
243,Diethoxymethane,CCOCOCC,360.65,206.65,NIST WebBook,NIST WebBook
244,Nitroethane,CC[N+](=O)[O-],387.22,183.63,NIST WebBook,NIST WebBook
245,3-Methyl-2-butanone,CC(=O)C(C)C,367.55,180.15,NIST WebBook,NIST WebBook
246,Butyronitrile,CCCC#N,390.75,161.25,NIST WebBook,NIST WebBook
247,Pyrrolidine,C1CCNC1,359.72,215.31,NIST WebBook,NIST WebBook
248,1-Chlorobutane,CCCCCl,351.58,150.05,NIST WebBook,NIST WebBook
249,Diethylene glycol diethyl ether,CCOCCOCCOCC,462.15,228.85,NIST WebBook,NIST WebBook
250,Methyl L-lactate,COC(=O)[C@H](C)O,434.10048541058467,248.5079997211052,SFER_prediction,SFER_prediction
251,Ethylene glycol diacetate,CC(=O)OCCOC(C)=O,463.65,242.15,NIST WebBook,NIST WebBook
252,"β-Farnesene, hydrogenated (2,6,10-Trimethyldodecane, Farnesane)",CCC(C)CCCC(C)CCCC(C)C,523.8417159307878,260.6546363325639,SFER_prediction,SFER_prediction
253,Dichloroethyl ether,ClCCOCCCl,451.65,226.15,NIST WebBook,NIST WebBook
254,Diethylene glycol dimethyl ether,COCCOCCOC,435.65,209.11,NIST WebBook,NIST WebBook
255,Dibutoxymethane,CCCCOCOCCCC,465.6595576948689,250.1121658238112,SFER_prediction,SFER_prediction
256,"N,N-Dimethyloctanamide",CCCCCCCC(=O)N(C)C,498.6542074452385,265.6009252497846,SFER_prediction,SFER_prediction
257,n-Nonane,CCCCCCCCC,423.97,219.66,NIST WebBook,NIST WebBook
258,Tributylamine,CCCCN(CCCC)CCCC,487.15,203.0,NIST WebBook,NIST WebBook
259,Quinoline,c1ccc2ncccc2c1,510.31,258.37,NIST WebBook,NIST WebBook
260,Dimethyl glutarate,COC(=O)CCCC(=O)OC,479.6116754332713,256.158389287827,SFER_prediction,SFER_prediction
261,m-Dichlorobenzene,Clc1cccc(Cl)c1,446.23,248.39,NIST WebBook,NIST WebBook
262,Tetraethylene glycol,OCCOCCOCCOCCO,602.7,268.15,NIST WebBook,NIST WebBook
263,Diethylene glycol dibutyl ether ,CCCCOCCOCCOCCCC,529.15,212.95,NIST WebBook,NIST WebBook
264,Diisopropyl adipate,CC(C)OC(=O)CCCCC(=O)OC(C)C,548.7268920928784,284.2334343847728,SFER_prediction,SFER_prediction
265,PolarClean,COC(=O)C(C)CCC(=O)N(C)C,533.8373981116367,277.2347414785,SFER_prediction,SFER_prediction
266,Tetraethylene glycol dimethyl ether,COCCOCCOCCOCCOC,548.95,243.45,NIST WebBook,NIST WebBook
267,Benzonitrile,N#Cc1ccccc1,464.15,260.4,NIST WebBook,NIST WebBook
268,Ethoxybenzene,CCOc1ccccc1,443.15,243.63,NIST WebBook,NIST WebBook
269,N-Methylacetamide,CNC(C)=O,478.15,301.15,NIST WebBook,NIST WebBook
270,"1,2,4-Trichlorobenzene",Clc1ccc(Cl)c(Cl)c1,486.15,290.15,NIST WebBook,NIST WebBook
271,2-Chloroaniline,Nc1ccccc1Cl,481.99,271.05,NIST WebBook,NIST WebBook
272,Omnia,CCCCOC(=O)C(O)CC,484.8160768555747,266.932297600495,SFER_prediction,SFER_prediction
273,2-Hexanone ,CCCCC(C)=O,400.7,217.35,NIST WebBook,NIST WebBook
274,"1,1-Dichloroethane",CC(Cl)Cl,330.45,176.19,NIST WebBook,NIST WebBook
275,2-Ethoxyethyl acetate,CCOCCOC(C)=O,429.74,211.45,NIST WebBook,NIST WebBook
276,Methyl butyrate,CCCC(=O)OC,375.9,187.35,NIST WebBook,NIST WebBook
277,Amyl acetate,CCCCCOC(C)=O,421.15,202.35,NIST WebBook,NIST WebBook
278,"Z-1,2-Dichloroethylene (cis-)",ClC=CCl,326.51310421546987,190.9479065908662,SFER_prediction,SFER_prediction
279,Trioxymethylene dimethyl ether,COCOCOCOC,451.43419349481087,244.6480259065895,SFER_prediction,SFER_prediction
280,"1,1,2,2-Tetrachloroethane",ClC(Cl)C(Cl)Cl,418.25,229.35,NIST WebBook,NIST WebBook
281,Methyl oleate,CCCCCCCC/C=C\CCCCCCCC(=O)OC,617.0,293.05,NIST WebBook,NIST WebBook
282,Tetraoxymethylene dimethyl ether,COCOCOCOCOC,499.50055734666296,264.0297029712146,SFER_prediction,SFER_prediction
283,Pentaoxymethylene dimethyl ether,COCOCOCOCOCOC,533.6339228592844,277.5002815277322,SFER_prediction,SFER_prediction
284,Diethyl carbonate,CCOC(=O)OCC,399.95,230.15,NIST WebBook,NIST WebBook
285,Diisopropylamine,CC(C)NC(C)C,357.05,176.85,NIST WebBook,NIST WebBook
286,Dimethyl succinate,COC(=O)CCC(=O)OC,469.35,291.35,NIST WebBook,NIST WebBook
287,Propylene glycol diacetate,CC(=O)OCC(C)OC(C)=O,506.3322836398382,267.0893443566071,SFER_prediction,SFER_prediction
288,p-Menthane,CC1CCC(C(C)C)CC1,432.29183262150775,231.7166664215625,SFER_prediction,SFER_prediction
289,Dimethyl phthalate,CC(O)CN,408.53410855141567,236.7061349253776,SFER_prediction,SFER_prediction
290,Benzyl acetate,CC(=O)OCc1ccccc1,487.15,221.65,NIST WebBook,NIST WebBook
291,Di(propylene glycol) propyl ether,CCCOCC(C)OCC(C)O,521.33511010113,282.0397924332988,SFER_prediction,SFER_prediction
292,2-Phenylethanol,OCCc1ccccc1,492.05,246.15,NIST WebBook,NIST WebBook
293,Isopropyl myristate,CCCCCCCCCCCCCC(=O)OC(C)C,588.0,268.15,NIST WebBook,NIST WebBook
294,N-Butyl pyrrolidone,CCCCN1CCCC1=O,503.02091349866555,266.4710927065322,SFER_prediction,SFER_prediction
295,Dibutylphthalate,CCCCOC(=O)c1ccccc1C(=O)OCCCC,613.15,238.15,NIST WebBook,NIST WebBook
296,"1,3-Propanediol",OCCCO,487.55,246.45,NIST WebBook,NIST WebBook
297,Isopropyl palmitate,CCCCCCCCCCCCCCCC(=O)OC(C)C,594.2346282021042,292.3136524314032,SFER_prediction,SFER_prediction
298,Geraniol,CC(C)=CCC/C(C)=C/CO,494.17385656983424,291.5601409443896,SFER_prediction,SFER_prediction
299,"3,3-Dimethyl-2-butanone",CC(=O)C(C)(C)C,379.45,221.15,NIST WebBook,NIST WebBook
300,"2,4,6-Trimethylpyridine",Cc1cc(C)nc(C)c1,443.7,228.958,NIST WebBook,NIST WebBook
301,1-Chloropropane,CCCCl,319.67,150.35,NIST WebBook,NIST WebBook
302,Methyl myristate,CCCCCCCCCCCCCC(=O)OC,574.0,291.85,NIST WebBook,NIST WebBook
303,"1,3-Dioxolane",C1COCO1,352.2882249671198,199.7440255652725,SFER_prediction,SFER_prediction
304,2-Ethoxy-2-methylbutane ,CCOC(C)(C)CC,374.57,190.0,NIST WebBook,NIST WebBook
305,4-Hydroxy-4-methyl-2-pentanone,CC(=O)CC(C)(C)O,441.05,229.15,NIST WebBook,NIST WebBook
306,Cyclohexyldimethylamine,CN(C)C1CCCCC1,435.7669196152849,236.6816791845156,SFER_prediction,SFER_prediction
307,"2-Methylpentane-2,4-diol ",CC(O)CC(C)(C)O,488.6554477847247,300.6944489777054,SFER_prediction,SFER_prediction
308,1-Aminopropan-2-ol,CC(O)CN,408.53410855141567,236.7061349253776,SFER_prediction,SFER_prediction
309,Methyl octanoate,CC(O)C(C)O,469.9097808583946,296.8855443438167,SFER_prediction,SFER_prediction
310,"2,2,4,6,6-Pentamethylheptane ",CC(CC(C)(C)C)CC(C)(C)C,457.34871295466087,238.8157181451861,SFER_prediction,SFER_prediction
311,"2,4,4-Trimethylpentene",C=C(C)CC(C)(C)C,374.59,179.7,NIST WebBook,NIST WebBook
312,"N,N-Dimethyl decanamide",CCCCCCCCCC(=O)N(C)C,523.1922812510155,275.1746175767121,SFER_prediction,SFER_prediction
313,"1,2,4-Trimethylbenzene",Cc1ccc(C)c(C)c1,442.53,229.33,NIST WebBook,NIST WebBook
314,Tetradecane,CCCCCCCCCCCCCC,526.727,279.01,NIST WebBook,NIST WebBook
315,4-Chlorotoluene,Cc1ccc(Cl)cc1,435.65,280.65,NIST WebBook,NIST WebBook
316,2-(2-Aminoethoxy)ethanol ,NCCOCCO,496.24,260.65,NIST WebBook,NIST WebBook
317,2-Methylpyridine,Cc1ccccn1,402.55,206.44,NIST WebBook,NIST WebBook
318,"2,4-Dimethyl-3-pentanone",CC(C)C(=O)C(C)C,397.55,204.81,NIST WebBook,NIST WebBook
319,Methylcyclopentane,CC1CCCC1,344.96,130.73,NIST WebBook,NIST WebBook
320,"2,3-Butanediol",CC(O)C(C)O,469.9097808583946,296.8855443438167,SFER_prediction,SFER_prediction
321,1-Pentene,C=CCCC,303.22,108.016,NIST WebBook,NIST WebBook
322,1-Ethyl-3-methylimidazolium tetrafluoroborate,CCn1cc[n+](C)c1.F[B-](F)(F)F,503.8653441982948,270.1385796657219,SFER_prediction,SFER_prediction
323,2-Ethylhexanol,CCCCC(CC)CO,449.21225057633364,274.5393730428893,SFER_prediction,SFER_prediction
324,Dipropylene glycol,CC(O)COCC(C)O,521.8519868549955,307.8427848913221,SFER_prediction,SFER_prediction
325,Tetradecanol,CCCCCCCCCCCCCCO,568.8,310.65,NIST WebBook,NIST WebBook
326,Propylene glycol methyl ether,COCC(C)O,399.97702925489875,238.2178322951306,SFER_prediction,SFER_prediction
327,Piperidine,C1CCNCC1,379.55,262.65,NIST WebBook,NIST WebBook
328,Methyl benzoate,COC(=O)c1ccccc1,472.65,260.75,NIST WebBook,NIST WebBook
329,β-Farnesene,C=CC(=C)CCC=C(C)CCC=C(C)C,534.6751210434926,267.0661671884822,SFER_prediction,SFER_prediction
330,Benzylamine,NCc1ccccc1,457.65,227.15,NIST WebBook,NIST WebBook
331,Trifluoroacetic acid,O=C(O)C(F)(F)F,344.95,257.9,NIST WebBook,NIST WebBook
332,Isoamyl butyrate,CCCC(=O)OCCC(C)C,463.84312240530664,249.570040375705,SFER_prediction,SFER_prediction
333,"N,N'-Dimethylethyleneurea",CN1CCN(C)C1=O,490.5151338083201,259.3015288567117,SFER_prediction,SFER_prediction
334,Ethyl benzoate,CCOC(=O)c1ccccc1,486.55,238.45,NIST WebBook,NIST WebBook
335,Dibutyl sebacate,CCCCOC(=O)CCCCCCCCC(=O)OCCCC,622.15,263.95,NIST WebBook,NIST WebBook
336,Trichloroacetic acid,O=C(O)C(Cl)(Cl)Cl,470.78,330.0,NIST WebBook,NIST WebBook
337,Bromoform,BrC(Br)Br,422.35,281.2,NIST WebBook,NIST WebBook
338,Lactic acid,CC(O)C(=O)O,480.10973150170935,327.4139506661305,SFER_prediction,SFER_prediction
339,Diethyl succinate,CCOC(=O)CCC(=O)OCC,490.15,252.35,NIST WebBook,NIST WebBook
340,Dimethyl sebacate,COC(=O)CCCCCCCCC(=O)OC,545.6053329569667,282.88681447454,SFER_prediction,SFER_prediction
341,N-Ethyl pyrrolidone,CCN1CCCC1=O,477.0817894877393,255.0741136316626,SFER_prediction,SFER_prediction
342,Octyl acetate,CCCCCCCCOC(C)=O,484.45,234.65,NIST WebBook,NIST WebBook
343,n-Propyl bromide,CCCBr,344.15,163.15,NIST WebBook,NIST WebBook
344,N-Methyl formamide,CNC=O,472.661,269.35,NIST WebBook,NIST WebBook
345,1-Chlorohexane,CCCCCCCl,395.4221054504762,217.3781083108512,SFER_prediction,SFER_prediction
346,"1,1,2-Trichloroethane",ClCC(Cl)Cl,387.0,236.5,NIST WebBook,NIST WebBook
347,Furan,c1ccoc1,304.5,187.55,NIST WebBook,NIST WebBook
348,"Dimethyl-1,3-propyleneurea",CN1CCCN(C)C1=O,503.74036932434586,264.6693676730146,SFER_prediction,SFER_prediction
349,Ethylene glycol diethyl ether ,CCOCCOCC,394.55,199.15,NIST WebBook,NIST WebBook
350,Ethylene glycol dibutyl ether ,CCCCOCCOCCCC,479.1310099444777,255.2400294928875,SFER_prediction,SFER_prediction
351,cis-Decalin,C1CCC2CCCCC2C1,438.9273261193788,234.8551629298857,SFER_prediction,SFER_prediction
352,Trichlorofluoromethane,FC(Cl)(Cl)Cl,296.97,162.04,NIST WebBook,NIST WebBook
353,Dibutyl adipate,CCCCOC(=O)CCCCC(=O)OCCCC,565.8875669404867,291.1069142319222,SFER_prediction,SFER_prediction
354,Guaiacol,COc1ccccc1O,478.15,304.65,NIST WebBook,NIST WebBook
355,Dimethyl lactamide,CC(O)C(=O)N(C)C,472.98858360771857,257.166454750341,SFER_prediction,SFER_prediction
356,Methyl propionate ,CCC(=O)OC,352.6,185.65,NIST WebBook,NIST WebBook
357,Acetal,CCOC(C)OCC,376.65,173.15,NIST WebBook,NIST WebBook
358,Benzyl formate,O=COCc1ccccc1,476.15,254.8992165120413,NIST WebBook,SFER_prediction
359,Methyl stearate,CCCCCCCCCCCCCCCCCC(=O)OC,634.0,312.15,NIST WebBook,NIST WebBook
360,2-Chloroethanol,OCCCl,401.75,205.65,NIST WebBook,NIST WebBook
361,Hexyl hexanoate,CCCCCCOC(=O)CCCCC,497.38645896815785,261.3442062337372,SFER_prediction,SFER_prediction
362,Naphthalene,c1ccc2ccccc2c1,491.143,353.434,NIST WebBook,NIST WebBook
363,"1,6-Hexanediol",OCCCCCCO,525.99,315.15,NIST WebBook,NIST WebBook
364,Ethyl isobutyrate,CCOC(=O)C(C)C,383.0,185.0,NIST WebBook,NIST WebBook
365,1-Nitropropane,CCC[N+](=O)[O-],404.33,169.16,NIST WebBook,NIST WebBook
366,Perfluorohexane,FC(F)(F)C(F)(F)C(F)(F)C(F)(F)C(F)(F)C(F)(F)F,330.3,185.0,NIST WebBook,NIST WebBook
367,L-Linalool,C=CC(C)(O)CCC=C(C)C,498.1883346024517,290.1380545023856,SFER_prediction,SFER_prediction
368,Ethylamine,CCN,289.73,192.15,NIST WebBook,NIST WebBook
369,"N,N'-Dimethyl decan-9-enamide",C=CCCCCCCCC(=O)N(C)C,535.6230974008204,279.8813845718771,SFER_prediction,SFER_prediction
370,2-Methylpentane,CCCC(C)C,333.41,119.55,NIST WebBook,NIST WebBook
371,Ethyl isovalerate,CCOC(=O)CC(C)C,407.45,173.85,NIST WebBook,NIST WebBook
372,γ-Terpinene,CC1=CCC(C(C)C)=CC1,456.15,235.1455180184327,NIST WebBook,SFER_prediction
373,"α,α,α-Trifluorotoluene",FC(F)(F)c1ccccc1,375.2,244.14,NIST WebBook,NIST WebBook
374,Tetramethylsilane,C[Si](C)(C)C,299.8,174.07,NIST WebBook,NIST WebBook
375,α-Terpinene,CC1=CC=C(C(C)C)CC1,448.15,234.9866062861426,NIST WebBook,SFER_prediction
376,"1,2-Dimethoxybenzene",COc1ccccc1OC,481.07404114471876,256.1017657467173,SFER_prediction,SFER_prediction
377,Ethyl trichloroacetate,CCOC(=O)C(Cl)(Cl)Cl,441.6997176154496,242.8726637493058,SFER_prediction,SFER_prediction
378,"2,4-Dimethylpyridine",Cc1ccnc(C)c1,430.9074608856666,236.1383656239867,SFER_prediction,SFER_prediction
379,Diethyl adipate,CCOC(=O)CCCCC(=O)OCC,525.9653880657588,275.1988028989312,SFER_prediction,SFER_prediction
380,2-Methoxyethyl acetate,COCCOC(C)=O,426.24621906941684,233.6270142898445,SFER_prediction,SFER_prediction
381,Hexafluorobenzene,Fc1c(F)c(F)c(F)c(F)c1F,353.41,278.25,NIST WebBook,NIST WebBook
382,Tetramethyloxolane,CC1(C)CCC(C)(C)O1,438.3459606128996,238.7922291658055,SFER_prediction,SFER_prediction
383,"1,1,3,3-Tetramethyl urea",CN(C)C(=O)N(C)C,448.0987169120698,241.7273936685899,SFER_prediction,SFER_prediction
384,p-Difluorobenzene,Fc1ccc(F)cc1,368.4800081635034,208.2891450369908,SFER_prediction,SFER_prediction
385,Propyl formate,CCCOC=O,353.97,180.25,NIST WebBook,NIST WebBook
386,Butyl laurate,CCCCCCCCCCCC(=O)OCCCC,554.5599149763409,280.1887450477087,SFER_prediction,SFER_prediction
387,"1,4-Cineol",CC(C)C12CCC(C)(CC1)O2,483.08633879197146,256.1269385660755,SFER_prediction,SFER_prediction
388,5-Nonanone,CCCCC(=O)CCCC,461.6,267.25,NIST WebBook,NIST WebBook
389,"1,3-Dioxane",C1COCOC1,378.15,228.15,NIST WebBook,NIST WebBook
390,Butyl formate,CCCCOC=O,379.25,181.25,NIST WebBook,NIST WebBook
391,Di-n-propyl ether,CCCOCCC,363.23,149.95,NIST WebBook,NIST WebBook
392,Hexamethylphosphoramide,CN(C)P(=O)(N(C)C)N(C)C,506.15,280.15,NIST WebBook,NIST WebBook
393,"E-1,2-Dichloroethylene",ClC=CCl,326.51310421546987,190.9479065908662,SFER_prediction,SFER_prediction
394,Ethyl oleate,CCCCCCCCC=CCCCCCCCC(=O)OCC,603.5626343660357,296.019087136947,SFER_prediction,SFER_prediction
395,"2,6-Dimethylpyridine",Cc1cccc(C)n1,417.2,267.0,NIST WebBook,NIST WebBook
396,Methyl isobutyrate,COC(=O)C(C)C,365.45,188.45,NIST WebBook,NIST WebBook
397,Ethyl laurate,CCCCCCCCCCCC(=O)OCC,527.8896354624778,271.6216575328295,SFER_prediction,SFER_prediction
398,2-Fluoropyridine,Fc1ccccn1,391.78446847758335,220.0312630653797,SFER_prediction,SFER_prediction
399,"N,N-Diethyl acetamide",CCN(CC)C(C)=O,455.81134950053683,246.7677670885904,SFER_prediction,SFER_prediction
400,"2,5-Dimethyltetrahydrofuran",CC1CCC(C)O1,383.8162373120116,215.3399247445196,SFER_prediction,SFER_prediction
401,"2,2-Dimethyl-1,3-dioxolane",CC1(C)OCCO1,403.393396285947,224.6746366727631,SFER_prediction,SFER_prediction
402,1-Chloropentane,CCCCCCl,381.54,174.15,NIST WebBook,NIST WebBook
403,Methyl pivalate,COC(=O)C(C)(C)C,406.72764739991027,225.9163632736212,SFER_prediction,SFER_prediction
404,Methyl levulinate,COC(=O)CCC(C)=O,464.3311389083254,249.9399282028623,SFER_prediction,SFER_prediction
405,"2,5-Dimethylhexane",CC(C)CCC(C)C,382.26,182.0,NIST WebBook,NIST WebBook
406,Methyl linolenate,CCC=CCC=CCC=CCCCCCCCC(=O)OC,606.0770406950171,299.5200884190331,SFER_prediction,SFER_prediction
407,"Spiro[6,​8-​dioxabicyclo[3.2.1]​octane-​4,​2'-​[1,​3]​dioxolane]",C1COC2(CCC3COC2O3)O1,536.7570471177403,279.197617040271,SFER_prediction,SFER_prediction
408,"Spiro[6,​8-​dioxabicyclo[3.2.1]​octane-​4,​2'-​[1,​3]​dioxane]",C1COC2(CCC3COC2O3)OC1,549.3908854703589,284.580437985163,SFER_prediction,SFER_prediction
409,"Spiro[6,​8-​dioxabicyclo[3.2.1]​octane-​4,​2'-​[1,​3]​dioxepane]",C1CCOC2(CCC3COC2O3)OC1,558.0877032178716,288.3202680553824,SFER_prediction,SFER_prediction
410,"1,1,1,3,3-Pentafluorobutane",CC(F)(F)CC(F)(F)F,341.67134223201964,199.7280542022392,SFER_prediction,SFER_prediction
411,"(1R,5R)-6,8-Dioxabicyclo[3.2.1]octan-2-one",O=C1CCC2OCC1O2,494.5609031161218,261.7535249198984,SFER_prediction,SFER_prediction
