,smiles,name,Tb,Volume,sig2,sig3,Hb_acc2,Hb_don2,Hb_acc3,Hb_don3,cLogP,cRI
0,ClCCCl,"1,2-Dichloroethane",0.28318970686905864,0.1881167509149883,0.18767719268798827,0.5371573117650987,0.0,0.014594491571187975,0.0,0.007144471257925033,0.37200000000000005,0.13897260732703764
1,CC(=O)O,Acetic acid,0.2704929338468538,0.1233595971283567,0.3762098693847656,0.47740689988989404,0.2558261156082153,0.5656841993331909,0.14473416805267333,0.6106821060180664,0.257575,0.08452079566003616
2,Cc1ccccc1,Toluene,0.3092308177814617,0.24670799382292632,0.13962940216064454,0.5808295391712502,0.0005810061004012824,0.0031784053426235914,0.0,0.006414204090833664,0.4162516666666667,0.20419931685754464
3,Cc1ccc(C)cc1,p-Xylene,0.3322476140269032,0.2910631845364165,0.14115455627441406,0.5852174425083909,0.003071839921176434,0.003076334949582815,0.0,0.006151562184095382,0.44195333333333336,0.23592525617842072
4,CC(C)=O,Acetone,0.22007904186115396,0.15077062180997608,0.2215757242838541,0.733867859572507,0.26909477710723884,0.007536329329013825,0.17866185903549195,0.01478317528963089,0.2996083333333333,0.10491594668809859
5,O=C1CCCCC1,Cyclohexanone,0.3424874419098967,0.2496753566488885,0.2126619211832682,0.7605645254756628,0.2756217241287231,0.006850511766970158,0.19475438594818115,0.009734500199556349,0.3766333333333334,0.1835242113723125
6,OCCO,Ethylene glycol,0.3358114549330064,0.13825626808114796,0.42241160074869794,0.6502123645594539,0.5131248474121094,0.48943611979484564,0.497707748413086,0.423763084411621,0.16425,0.09029267965976827
7,C1CCCCC1,Cyclohexane,0.248187892086856,0.23917383745138243,0.025745490392049153,0.5985400048225423,0.012503072619438171,0.00367819657549262,0.008526105433702467,0.00843285322189331,0.44505,0.18091219610206938
8,C1COCCO1,"1,4-Dioxane",0.3016354020658906,0.20077140778333746,0.24525355021158854,0.7850702462159258,0.3275030612945557,0.0063592782244086266,0.2680243492126464,0.011863150447607041,0.25276666666666664,0.14029870738731492
9,c1ccncc1,Pyridine,0.3120558945449082,0.19149081108138696,0.23306490580240885,0.7193584095947476,0.3011724710464478,0.009900540113449097,0.3526363134384156,0.009750956296920776,0.34013333333333334,0.15770544504721712
10,CS(C)=O,Dimethyl sulphoxide,0.3771515359411706,0.1770059299997834,0.3851218414306641,0.9669554569438912,0.7782816886901854,0.018066857010126114,0.9321544647216797,0.018573157489299774,0.24955833333333333,0.1292639474917956
11,CC(C)CC(=O)CC(C)C,"2,6-Dimethyl-4-heptanone",0.396639937287444,0.4190529921040641,0.19975529988606774,0.7461827541077662,0.2285005807876587,0.005538526922464372,0.1450980305671692,0.00697605088353157,0.4706416666666667,0.28951175406871626
12,CCCCCC,n-Hexane,0.22763564369895234,0.2752991224074663,0.030884230931599935,0.5860200929765363,0.001467136200517416,0.003244539722800255,0.0,0.005898144841194152,0.4655500000000001,0.19507065836179746
13,CCCCCCC,n-Heptane,0.2533027208768404,0.3194495150381399,0.03137824694315593,0.5807288335950187,0.0,0.004603271838277578,0.000808971468359232,0.004943390935659408,0.4980583333333335,0.22599290067644495
14,CC1CCCCC1,Methylcyclohexane,0.28521266350379354,0.2849379198877786,0.02837428410847982,0.5850735773994887,0.008368964493274688,0.003648164216428995,0.0069962993264198305,0.007551641762256622,0.4655500000000001,0.2113656151630834
15,CCOCC,Diethyl ether,0.22430822065660166,0.21032941422195114,0.11305319468180342,0.6750747528999348,0.1376953721046448,0.002943952567875385,0.11046013832092286,0.008997270464897155,0.3369,0.14384167168977288
16,ClC(Cl)(Cl)Cl,Carbon tetrachloride,0.26227356170440885,0.23993182539768498,0.054905662536621096,0.5451790212863669,0.003489849716424942,0.0034239632077515125,0.00842171385884285,0.008013973385095597,0.46274166666666666,0.17047083249614894
17,CO,Methanol,0.18668650247000318,0.07314591203095315,0.23530899047851558,0.6395764973211,0.284181809425354,0.23933558166027075,0.2802592992782592,0.206550407409668,0.21737499999999998,0.0499149420668408
18,CCO,Ethanol,0.21554932227501505,0.1166106933292899,0.23064381917317708,0.646580950803765,0.2948110818862915,0.23639589548110962,0.2934491872787476,0.19671497344970704,0.24988333333333335,0.08083718438148818
19,CC(=O)CC(C)C,4-Methyl-2-pentanone,0.32152064530165875,0.28567205912084104,0.21179021199544273,0.7560645344964162,0.2617406129837036,0.006590138655155897,0.18064113855361938,0.007210052758455277,0.385125,0.19721385037840722
20,CC(=O)OC(C)C,Isopropyl acetate,0.3175380213277323,0.26322869633619594,0.23484906514485682,0.7509477132337301,0.2498699426651001,0.005732700694352388,0.15522531270980836,0.007685085386037826,0.329825,0.1755542160605451
21,CC#N,Acetonitrile,0.24369191789960531,0.10328652536043961,0.262373530069987,0.6482402039893043,0.162575376033783,0.03763942420482635,0.08211246728897094,0.02211334705352784,0.2941566666666667,0.07097314312504187
22,CN(C)C=O,"N,N-Dimethyl formamide",0.2981931379625013,0.18230491978207952,0.28850875854492186,0.8469318927313195,0.4786233901977539,0.014184925705194475,0.458704423904419,0.013051502406597137,0.22536666666666663,0.12766057196436942
23,Clc1ccccc1,Chlorobenzene,0.3289151225056681,0.24739525043442886,0.14380968729654944,0.5396335988386809,0.0,0.007427165750414132,0.0,0.00793636292219162,0.445,0.2060277275467149
24,CN1CCCC1=O,N-Methyl-pyrrolidin-2-one,0.398144508575226,0.24539302403639418,0.3156953684488932,0.9056722629451506,0.5699555397033691,0.015242828056216238,0.5710217475891114,0.011245094239711761,0.2698833333333333,0.17534659433393604
25,CC1COC(=O)O1,Propylene carbonate,0.3856748500904003,0.21334804708058167,0.3440476226806641,0.728929656481269,0.20977458953857422,0.009363840334117413,0.07160846590995787,0.011441709101200103,0.2951416666666667,0.1420199584756546
26,C[N+](=O)[O-],Nitromethane,0.23414867241065818,0.11011285913090951,0.2690283966064453,0.595429507843255,0.05416213870048523,0.03780089691281319,3.9970658690435815e-06,0.024076773226261138,0.241075,0.08189940392472038
27,CCOC(C)=O,Ethyl acetate,0.28563821565854797,0.2156336218896014,0.25144775390625,0.7600717964930687,0.2720814943313599,0.00699794152751565,0.17447333335876464,0.009964545071125031,0.29745,0.14477931819703965
28,CCC(C)=O,Methyl ethyl ketone,0.25246095323896073,0.19554245988552416,0.2136962890625,0.7424398503019156,0.2709911346435547,0.007157838437706232,0.18953903913497924,0.012422343343496322,0.33211666666666667,0.13583818900274588
29,CCCCO,1-Butanol,0.28659735859690844,0.2116395421869384,0.23704823811848957,0.6387528672543907,0.2981956481933594,0.2677750289440155,0.302952003479004,0.223103666305542,0.3149,0.1426816690107829
30,CC(C)O,2-Propanol,0.2594256767859825,0.1653524176691024,0.2367017110188802,0.6506073934411631,0.302030611038208,0.23738993704319,0.3038553476333618,0.1948956608772278,0.28225833333333333,0.11161208224499364
31,ClC(Cl)Cl,Chloroform,0.2561447036849869,0.191193799018664,0.11957005818684893,0.45527436100622654,0.0,0.15243059396743774,0.002574761398136616,0.07490314841270446,0.4155333333333333,0.1383497421472105
32,CCCCC,n-Pentane,0.194403494988288,0.2318234195893344,0.030241038004557293,0.5921283893370897,0.006141367554664612,0.002049136441200971,0.002978089079260826,0.007195615768432619,0.4330416666666667,0.16414841604715016
33,ClCCl,Dichloromethane,0.24044722443694,0.14441971887575575,0.15631425221761067,0.4844808965895644,0.0,0.08124928921461105,0.0,0.03299719095230102,0.36845833333333333,0.10637599624941398
34,c1ccccc1,Benzene,0.28107721822245135,0.20033758684065478,0.13586026509602867,0.5689666148857918,0.0,0.0038417526520788674,0.0,0.007609464973211288,0.39055,0.17247337753666858
35,C1CCOC1,Tetrahydrofuran,0.23897136341441758,0.17948694830436335,0.15132958730061846,0.7189459969694488,0.2317145824432373,0.004271771293133497,0.2079814672470092,0.012194062024354935,0.3164,0.12968320943004485
36,Cc1cc(C)cc(C)c1,Mesitylene,0.3533005414309201,0.33671755035644835,0.13933602650960286,0.5918592401074251,0.003158654645085335,0.002837588312104344,0.001471977960318327,0.006070003658533096,0.4676550000000001,0.2676511954992969
37,O=[N+]([O-])c1ccccc1,Nitrobenzene,0.39382333021897525,0.2633930362208616,0.2606694539388021,0.5909516875251368,0.01540466845035553,0.011854025535285473,0.0018773837015032767,0.009669257700443268,0.3829,0.2170410555220682
38,O,Water,0.1757450570593347,0.03153685285560796,0.30930572509765625,0.44595066555224316,0.25423974990844733,0.5780085325241089,0.2735713243484498,0.58716402053833,0.181275,0.0195820775567611
39,CC(C)(C)O,t-Butanol,0.28170200828072073,0.21225196210038963,0.22111117045084636,0.6477366771384777,0.28089547157287603,0.21276924014091486,0.2798381328582764,0.1711292862892151,0.31476666666666664,0.14253432455964093
40,COC(C)(C)C,t-Butyl methyl ether,0.275807033885609,0.25838762691902856,0.12875924428304034,0.6935710808070652,0.1691154360771179,0.006411396898329257,0.1474755048751831,0.007320267707109453,0.369275,0.17461656955327834
41,COCCO,2-Methoxyethanol,0.28714445420912094,0.18315001350821197,0.2897358957926432,0.7594363872821515,0.3952209234237671,0.14655138552188876,0.3743382930755616,0.11796143054962158,0.2187583333333333,0.12237492465340566
42,CC(C)CCO,Isoamyl alcohol,0.312272038493123,0.2555567125785422,0.24051086425781254,0.6338266613365972,0.2934654474258423,0.26530930399894714,0.2972055912017822,0.2192277431488038,0.3354,0.17313508807179687
43,COCCOC,"1,2-Dimethoxyethane",0.2704405817952189,0.23590662641480226,0.20866583506266273,0.7601617072920606,0.2718407154083252,0.0063317399471998215,0.23146579265594477,0.008634913712739944,0.27326666666666666,0.15445716964704298
44,CC(C)OC(C)C,Diisopropyl ether,0.30139221511520703,0.2995894599142054,0.12284793853759765,0.6912752314693679,0.1665030837059021,0.005791915114969015,0.1472040295600891,0.00526147484779358,0.40165,0.20539146741678374
45,CC1(C)OCC(CO)O1,Solketal,0.44859301293646536,0.31592996518551675,0.3922322336832682,0.7654877269484406,0.46896986961364745,0.2308868914842605,0.4114342212677002,0.19503732919692993,0.26084999999999997,0.2096296296296295
46,CCCCCCCC,n-Octane,0.276563537704361,0.3652507651143555,0.03256687482198079,0.5759482968956,0.0,0.005118639674037695,0.004065586999058724,0.005455217882990838,0.5305666666666667,0.25691514299109236
47,C=C(C)C1CC=C(C)CC1,d-Limonene,0.37718278044587245,0.3926790103845759,0.11436477661132813,0.5987120433006188,0.003554358333349228,0.004856338258832692,0.0030782317742705343,0.0071832813322544094,0.5257416666666669,0.30287321679726764
48,Clc1ccccc1Cl,"1,2-Dichlorobenzene",0.359910671527569,0.2913612464439406,0.14368981679280599,0.5226976144076836,0.0024572283029556273,0.011502159759402275,0.0014293760061264039,0.008908995985984802,0.49944999999999995,0.23958207755676117
49,O=S1(=O)CCCC1,Sulpholane,0.5266724966622732,0.25494617298413763,0.4846130879720052,0.9066241898202855,0.5863898754119873,0.019543163478374474,0.39809384346008303,0.01081632375717163,0.26625000000000004,0.18215658696671347
50,CCN(CC)CC,Triethylamine,0.2877937530304168,0.30526009475604604,0.07847112019856774,0.6350908815191033,0.09867037534713745,0.0036927305627614264,0.09967963099479676,0.00830569863319397,0.36234166666666673,0.2194896524010447
51,COC(=O)OC,Dimethyl carbonate,0.279561676345505,0.19302239362207807,0.27295687357584636,0.730141737796978,0.21427521705627442,0.005467252805829049,0.09913386702537536,0.011772233247756957,0.28326666666666667,0.12540352287187723
52,CC(C)CO,Isobutanol,0.2860265878530649,0.2114445060938382,0.22826901753743484,0.6180469946502712,0.26607906818389887,0.2652600407600402,0.25753209590911863,0.22394084930419922,0.30289166666666667,0.14221284575714954
53,CCCO,1-Propanol,0.25884226819018374,0.1643804807539568,0.23486834208170573,0.6343643622039822,0.2929138898849487,0.2678987979888916,0.28881413936614997,0.2266101598739624,0.28239166666666665,0.11175942669613555
54,COC(C)=O,Methyl acetate,0.25133718477262473,0.17073547338210332,0.2524949137369792,0.737464489355722,0.24804286956787108,0.007295509800314904,0.14318958520889283,0.013036547601222992,0.2649416666666667,0.11385707588239234
55,CC(=O)N(C)C,"N,N-Dimethyl acetamide",0.3466448283695674,0.22812260698062684,0.31099174499511717,0.8986294481809942,0.56192045211792,0.0135103790089488,0.5850010871887208,0.010303148627281187,0.257875,0.15858281427901674
56,CC(=O)OCC(COC(C)=O)OC(C)=O,Glycerol triacetate,0.6046295032634602,0.4968746339645591,0.579306894938151,0.9324288858662624,0.49932093620300294,0.01616982370615005,0.2666759967803956,0.005530837550759316,0.25369166666666665,0.32234947424820865
57,CCOC(=O)C(C)O,Ethyl lactate,0.3773195626852395,0.28017604324112055,0.3387611134847005,0.7803388676359,0.3729699611663818,0.09670832753181458,0.2816204071044922,0.0711872398853302,0.24419166666666667,0.18500971133882518
58,CCC(C)O,2-Butanol,0.28908638187221714,0.2112465555062161,0.22856363932291668,0.6539636593804652,0.2961703062057495,0.22819609940052038,0.3010506868362426,0.18515503406524658,0.31476666666666664,0.14253432455964093
59,CCCCOC(C)=O,Butyl acetate,0.3437277520453179,0.306257917396732,0.2439141082763672,0.7695063802839459,0.2708632469177246,0.006436777301132679,0.17564783096313477,0.008060390502214432,0.36246666666666666,0.20662380282633433
60,ClC(Cl)=C(Cl)Cl,Tetrachloroethylene,0.28544064501782396,0.2705173770562167,0.06715041478474934,0.5348236904952066,0.001301512215286493,0.0107886316254735,0.006813404709100725,0.00794580802321434,0.5056833333333334,0.19923648784408277
61,OCCOCCO,Di(ethylene glycol),0.4118417726530061,0.25496566562491974,0.46465357462565104,0.7705631866059431,0.6043542385101318,0.36319905519485474,0.5918429851531982,0.304223608970642,0.16563333333333333,0.16275266224633306
62,S=C=S,Carbon disulphide,0.2291689252519941,0.1571726694222617,0.08017818450927733,0.5196074994350159,0.0,0.006347331218421458,0.011443008482456208,0.017450127005577087,0.3348416666666667,0.130594066037104
63,CC(O)CO,"1,2-Propanediol",0.3561062112554803,0.18469284662453156,0.40098668416341143,0.6529973655707277,0.4868306636810303,0.4528254568576813,0.4773879051208496,0.381391167640686,0.19662499999999997,0.12106757752327371
64,COC1CCCC1,Cyclopentyl methyl ether,0.30824803305672593,0.26844877539583983,0.13218439737955726,0.6988233782241544,0.1719521641731262,0.006640725769102573,0.15093870162963868,0.006867700815200805,0.38128333333333336,0.19138034960819755
65,ClC=C(Cl)Cl,Trichloroethylene,0.27351811549046656,0.22246259594139908,0.10661586125691733,0.5114599061403794,0.0,0.04119031876325607,0.003949836269021035,0.013164481520652771,0.45847499999999997,0.1671153974951443
66,COc1ccccc1,Anisole,0.3603361903370677,0.2677184908168226,0.21019996643066408,0.5952472773315377,0.01948097348213196,0.0038801038172096014,0.004942408204078675,0.006454846262931824,0.39126666666666665,0.21635523407675303
67,CCOC=O,Ethyl formate,0.24656004338831333,0.171373136578754,0.24211212158203124,0.7161490029060542,0.2067016363143921,0.00734253553673625,0.0987956941127777,0.012429430335760116,0.2649416666666667,0.11385707588239234
68,Cc1ccc(C(C)C)cc1,p-Cymene,0.378860413611352,0.37905302770477123,0.13976235707600915,0.5870805033961555,0.005109210312366486,0.004335969220846891,0.004184706136584282,0.0063751891255378725,0.5098683333333334,0.2985600428638405
69,O=C1CCC2COC1O2,Cyrene,0.455111943758451,0.2715540596238641,0.3754337310791015,0.8142000592362809,0.3420168161392212,0.009188183583319187,0.19189642667770385,0.01009945124387741,0.25756666666666667,0.1886276873618645
70,O=C1CCCC1,Cyclopentanone,0.3043346671791344,0.20725727061712182,0.22025642395019532,0.7553673878556815,0.2767049312591553,0.007127305958420039,0.19093809127807618,0.011854592710733414,0.344125,0.15260196905766518
71,CC1CCCO1,2-Methyltetrahydrofuran,0.27462247701791614,0.22803567356337606,0.1452029037475586,0.7122718263723362,0.2175566911697388,0.0063744294457137585,0.20150823593139638,0.009524248540401457,0.348775,0.16045810729355026
72,OCC(O)CO,Glycerol,0.42232055263919427,0.2064092310578164,0.5211775207519531,0.6570663649971977,0.5974674701690674,0.588921308517456,0.570397424697876,0.49608230590820324,0.11099166666666667,0.1305230728015538
73,CC1CCC(=O)O1,у-Valerolactone,0.37820017754614765,0.23407602613773837,0.3083211771647135,0.7962270322913432,0.3192145586013794,0.008276181295514107,0.1944538712501526,0.011606610566377639,0.309325,0.161395753800817
74,OCC(F)(F)F,"2,2,2-Trifluoroethanol",0.24780962350485206,0.16354118467821777,0.2774552154541015,0.4291543424799201,0.1314752340316772,0.4164870977401734,0.08847640156745909,0.3939849615097046,0.29508333333333336,0.08338892237626415
75,CO[C@H]1CO[C@H]2[C@@H]1OC[C@H]2OC,Dimethyl isosorbide,0.5151813880546943,0.40130155809754636,0.3866187032063802,0.891515878530649,0.42985334396362296,0.005001240875571966,0.31217658519744884,0.009167541563510894,0.23449999999999996,0.27047083249614906
76,Fc1ccccc1,Fluorobenzene,0.2903596037751311,0.21619405098141634,0.13839654286702474,0.5466842173293632,0.0,0.006756127346307038,0.0,0.007980531454086304,0.4021416666666667,0.17219208358448862
77,OC(C(F)(F)F)C(F)(F)F,Hexafluoroisopropanol,0.2824703496652883,0.25950397233694683,0.26503303527832034,0.28511600609781834,0.032127362489700315,0.5588218569755554,0.008329151570796967,0.5657295227050783,0.3726583333333333,0.11671555823454557
78,O=C1OCCO1,Ethylene carbonate,0.37191596397986776,0.16644445996334434,0.3642389678955078,0.695322651644668,0.1933685302734375,0.015816444531083114,0.06581560373306275,0.014589783549308778,0.26276666666666665,0.11124506061214921
79,O=C=O,Carbon dioxide,0.10099469698392427,0.07960972028925424,0.12986464182535806,0.5378568590769195,0.006441104412078858,0.0035302496980875726,0.0,0.018536467850208283,0.201375,0.02891299979907575
80,Oc1ccccc1,Phenol,0.3806942693003407,0.22404911513689918,0.34358655293782553,0.3575038266985604,0.05723674893379212,0.5661448836326599,0.0245473250746727,0.5946160316467286,0.36601666666666666,0.18362333400308076
81,CCc1ccccc1,Ethyl benzene,0.3363248051463307,0.29119355332364183,0.143861567179362,0.5848433921949144,0.0048998545855283735,0.0034443850163370375,0.0019004391506314278,0.006276507675647735,0.43741666666666673,0.23528229857343783
82,CCC(C)(C)O,2-Methyl-2-butanol,0.30697904600130094,0.25505159620534573,0.21412806193033854,0.6481035326510127,0.268236231803894,0.20048604905605313,0.2708443641662598,0.15777431726455687,0.347275,0.17345656687428831
83,CCC(=O)CC,3-Pentanone,0.2765365280471481,0.24094832587423312,0.2055641174316406,0.7526075516472424,0.2681390285491943,0.006270974408835173,0.19712806940078736,0.009102100133895874,0.364625,0.16676043131739327
84,CCCCCC(C)=O,2-Heptanone ,0.34655703031099755,0.33028303590195957,0.21908541361490885,0.7677949758676382,0.2756312131881714,0.005996128544211388,0.19603662490844725,0.006425639986991883,0.42964166666666664,0.22860491594668805
85,CC(=O)OCCC(C)C,Isoamyl acetate,0.37476211494499145,0.3523654714456254,0.2451128896077474,0.7691647060595408,0.2704527139663696,0.006276541855186224,0.1755337119102478,0.007560618221759796,0.3829666666666667,0.2370772218873484
86,CC(C)CC(C)(C)C,Isooctane,0.2952439501568988,0.3633076120730323,0.044910243352254235,0.5786056162060182,0.004712992534041405,0.005030918400734662,0.003705711290240288,0.007850217074155808,0.5065500000000002,0.25597749648382556
87,CC(=O)OCC(C)C,Isobutyl acetate,0.3487843266733876,0.3056146602509179,0.2380762990315755,0.7581631784925403,0.25540812015533454,0.006650127470493317,0.15861694812774657,0.00813681334257126,0.3504583333333333,0.20615497957270093
88,CCOCC(C)O,1-Ethoxypropan-2-ol,0.3416583121239722,0.2768389470133112,0.26454554239908856,0.748205269011528,0.3675685405731201,0.13218675553798676,0.3554301977157592,0.10116050243377686,0.2836416666666667,0.1840720648315584
89,C1COCCN1,Morpholine,0.3386568056119906,0.20691610239545638,0.27732032775878906,0.8272858391368606,0.4532890319824219,0.03589889779686928,0.5208025932312011,0.013541166484355927,0.2171833333333333,0.15403321947625737
90,CCCCCCCCCC,n-Decane,0.3388104605508018,0.455188556137602,0.03944704691569011,0.5744011411403106,0.0,0.00468842638656497,0.0,0.007800206542015076,0.5955833333333337,0.3187596276203873
91,CCCCCCCCO,1-Octanol,0.37688557418076307,0.3885045140693995,0.25823941548665363,0.6449618640395208,0.3182797908782959,0.2726275026798249,0.3249231576919556,0.2274006605148316,0.4449333333333334,0.26637063826937246
92,COCCOCCO,Diethylene glycol monomethyl ether,0.38478073040088573,0.29922790590021053,0.371121088663737,0.8354430268731937,0.5113461971282959,0.138702318072319,0.4834653377532958,0.10761159658432007,0.22014166666666668,0.19483490723997043
93,CC1=CCC2CC1C2(C)C,α-Pinene,0.36204086650501593,0.3875598731190793,0.07971469243367513,0.5845238906922996,0.0036689329892396925,0.005634498782455921,0.006080329045653344,0.00746508613228798,0.4998916666666668,0.2884066706851518
94,OCc1ccccc1,Benzyl alcohol,0.3918982752553233,0.2677569746799747,0.32844568888346354,0.5849542887744558,0.2412033319473267,0.28675132989883423,0.23097171783447262,0.24394290447235098,0.3482416666666667,0.21214118277409416
95,OCCOCCOCCO,Tri(ethylene glycol),0.5002691228906591,0.3668084214124917,0.523351542154948,0.880853618334982,0.7012487888336182,0.28846773505210876,0.692691946029663,0.2352022647857666,0.16701666666666667,0.23521264483289803
96,CC(=O)c1ccccc1,Acetophenone,0.40304489402504234,0.29679850235345745,0.27436014811197923,0.6934128302176038,0.2002412080764771,0.006815234664827585,0.11678365468978882,0.009007487446069717,0.4074333333333333,0.23947826669345662
97,CCCCOCCOCCOC(C)=O,2-(2-Butoxyethoxy)ethyl acetate ,0.5227574301766349,0.5356576558769447,0.3963454691569011,0.8847302343686696,0.4249679565429688,0.008210066705942154,0.2965157747268676,0.005260724574327468,0.3652333333333333,0.35154376799946446
98,COCCOCCOCCO,2-(2-(2-Methoxyethoxy)ethoxy)ethanol ,0.4794002612987598,0.4108971082397887,0.43306371053059894,0.9195463201972875,0.5793735980987549,0.08134865015745163,0.5408754825592041,0.05690508484840394,0.22152499999999997,0.2672948898265355
99,CCCCOCCOCCO,Diethylene glycol monobutyl ether,0.45788973694914703,0.4340514823332243,0.35687688191731776,0.8436409662587949,0.4835367679595947,0.09441782534122467,0.45308794975280764,0.06547834873199462,0.3176666666666667,0.28760163418391277
100,CCCCCCCCCCCC(=O)OC,Methyl laurate,0.47435719149929656,0.6169703607565081,0.24750167846679688,0.7664768116785312,0.2529989004135132,0.005583585239946842,0.1613861322402954,0.005844585970044136,0.5900250000000002,0.42307949902886655
101,CC(=O)OC(C)=O,Acetic anhydride,0.3399697083693284,0.22728315421163384,0.34168795267740887,0.7319862115146172,0.2193377256393433,0.0144311934709549,0.08472367525100707,0.012701986730098725,0.258,0.1457169647043064
102,O=CO,Formic acid ,0.24028176527756903,0.08180123213797191,0.3650074005126953,0.3582057705601434,0.1622089743614197,0.65261709690094,0.07060673832893372,0.7390350341796876,0.22506666666666666,0.053598553345388794
103,CCCCOCCO,2-Butoxyethanol,0.36864256025194286,0.31944468888592054,0.29037139892578123,0.7532351797989142,0.3919949769973755,0.15438091754913325,0.3820954322814942,0.1262717366218567,0.3162833333333333,0.2151416515973477
104,Cc1cccc(C)c1,m-Xylene,0.3318102576515891,0.291264410013045,0.13957950592041013,0.5848805572621866,0.002680415101349354,0.0031083857174962763,0.0,0.006166074052453042,0.44195333333333336,0.23592525617842072
105,Cc1ccccc1C,o-Xylene,0.3334963605120465,0.28946870532361946,0.1464005788167318,0.5872987007002637,0.002312497980892658,0.002530186669901014,0.0,0.006539184600114822,0.44195333333333336,0.23592525617842072
106,COC=O,Methyl formate,0.20219651468983896,0.1255073758899174,0.24282770792643224,0.6899840372228994,0.1864238142967224,0.007817181758582592,0.07938088178634643,0.01708456426858902,0.23243333333333335,0.08293483356774496
107,O=C(O)CCl,Chloroacetic acid,0.3320348712947819,0.17164650362946707,0.4056644439697265,0.3446812015622468,0.1311668276786804,0.6451559662818909,0.04395350813865662,0.6926074981689454,0.27581666666666665,0.11831625477195096
108,CCCC(C)=O,2-Pentanone,0.28566859318659854,0.24089558292497826,0.21367917378743484,0.752410948018937,0.2664051294326782,0.006630572024732829,0.18708702325820922,0.00846400335431099,0.364625,0.16676043131739327
109,CCCCCO,1-Pentanol,0.3059962612765652,0.25570807826178704,0.24099505106608074,0.6464155126256786,0.3075447559356689,0.2645509243011475,0.3167810916900634,0.21652371883392338,0.3474083333333333,0.17360391132543024
110,CCCCOC(=O)C(C)O,Butyl (S)-lactate,0.422683615784545,0.3707695015158881,0.33985087076822923,0.7894371678938408,0.3784537553787231,0.09156296402215958,0.2977612018585206,0.0658356487751007,0.3092083333333333,0.24685419596812005
111,CCCCCCCO,1-Heptanol,0.3565874499874515,0.3439372860447635,0.2530821228027344,0.6491231811180543,0.31530687808990476,0.26679363846778875,0.32330470085144036,0.22066514492034922,0.412425,0.23544839595472503
112,OC1CCCCC1,Cyclohexanol,0.3480117837865869,0.2634466566523381,0.23497759501139318,0.6542190248428384,0.3037599802017212,0.23424160480499262,0.3119059801101684,0.18992563486099243,0.35928333333333334,0.1902203469292076
113,CCCCOCCCC,Dibutyl ether,0.3456856854312069,0.38761957324880636,0.1229285176595052,0.6764426779520336,0.13002201318740841,0.005933936219662428,0.10733023881912232,0.0049899872392416,0.4669333333333334,0.26753064094836254
114,CC(Cl)(Cl)Cl,"1,1,1-Trichloroethane",0.2735983108307098,0.23658824206916534,0.09426462809244793,0.53329271969346,0.0,0.01781207881867885,0.0028893893584609038,0.009816434979438782,0.4480416666666667,0.16927198446185787
115,CC=O,Acetaldehyde,0.17326361982972477,0.10455742516931897,0.20127019246419273,0.686824984867818,0.1900668978691101,0.010109626688063145,0.10189692974090576,0.018244737386703493,0.2671,0.07399370437345121
116,CCCCCCCCCCCC,Dodecane,0.38217179758565406,0.5445827782631508,0.04586765289306641,0.5828088914513485,0.001300028059631586,0.00495516462251544,0.0,0.00733916312456131,0.6606000000000003,0.3806041122496822
117,CCCCOCCOC(C)=O,2-Butoxyethyl acetate ,0.4422099973771955,0.4209559689950933,0.3162547556559245,0.815069246415754,0.32859001159667967,0.007243982516229153,0.2200368881225586,0.007118775695562363,0.36385,0.2790837854128994
118,COC,Dimethyl ether,0.15027553384954284,0.1240686967794497,0.1438981246948242,0.6734574630328469,0.1654365181922913,0.002682834630832076,0.13099305629730223,0.013999058306217194,0.2718833333333333,0.0819971870604782
119,C=C1CCC2C1C2(C)C,(-)-Pin-2(10)-ene,0.3494581009124542,0.34622554030842456,0.0847264607747396,0.5876193994474287,0.00553743951022625,0.005767227150499822,0.005573796108365058,0.0077637039124965656,0.46738333333333343,0.2574844283705044
120,OCCNCCO,Diethanolamine,0.4107382781022078,0.2664133300279832,0.44228622436523435,0.8211751359232357,0.6308179378509521,0.2677609324455261,0.6707014560699462,0.2068137407302856,0.13005,0.17648717433527553
121,NCCO,2-Aminoethanol,0.2961549758911133,0.14776571528038518,0.3532982635498047,0.812578565618965,0.5569228172302246,0.1464831829071045,0.64598970413208,0.0879465639591217,0.16145,0.1034773290469493
122,OCCN(CCO)CCO,Triethanolamine,0.5152067304491162,0.37431525048055947,0.5425723775227864,0.8630544453112341,0.7624770641326905,0.37403780221939087,0.7937169075012208,0.3199841737747192,0.10544166666666675,0.2478561382358851
123,CCCCCCCCCO,1-Nonanol,0.40149390614116104,0.43210826661459933,0.2599953715006511,0.6391437006285197,0.316764235496521,0.27867347002029424,0.32005581855773924,0.2355608224868774,0.4774416666666668,0.29729288058402
124,CCC(C)CO,2-Methyl-1-butanol,0.3030724158653846,0.25381371949972087,0.2245003509521485,0.6188886101738379,0.2618588924407959,0.2556445598602295,0.25826973915100104,0.2114231824874878,0.3354,0.17313508807179687
125,Clc1ccc(Cl)cc1,"1,4-Dichlorobenzene",0.3672257870227307,0.2953143038527386,0.15083033243815105,0.5165797236054337,0.001388644240796566,0.011544317938387394,0.0013127004727721213,0.008465533703565597,0.4994500000000001,0.23958207755676117
126,CNC,Dimethylamine,0.19168228869671586,0.13338536426844258,0.17266236623128253,0.7235946523391078,0.2999968767166138,0.020283715799450874,0.37183008193969724,0.014235903322696686,0.23629999999999998,0.09573169914942067
127,CC(=O)OC(C)(C)C,t-Butyl acetate,0.3477694638125546,0.30549842519519227,0.2162787119547526,0.7366588529885176,0.2236939430236816,0.006650781258940696,0.14008911848068237,0.00767112746834755,0.36233333333333334,0.2064764583751924
128,C=O,Formaldehyde,0.11795946267934942,0.061892468916069796,0.17554107666015628,0.6108830830302853,0.1136593699455261,0.03674926981329917,0.06583021879196166,0.03541433811187744,0.23459166666666667,0.043071462058803835
129,FCC(F)(F)F,"1,1,1,2-Tetrafluoroethane",0.18390195686500393,0.16040769566449575,0.1298520787556966,0.48860803965153937,0.0,0.0483577735722065,0.0,0.0155677929520607,0.37651666666666667,0.0759493670886076
130,CC(C)CCCCCCO,"Alcohols, C8-10-iso-, C9-rich ",0.4022917580771279,0.4320612586384364,0.2584750366210937,0.6460456567894516,0.31605172157287603,0.26477122306823725,0.3179051160812378,0.22000930309295658,0.46543333333333353,0.2968240573303866
131,CC(C)CCCCCCCO,"Alcohols, C9-11-iso-, C10-rich ",0.429698990775155,0.4774073148121405,0.2621256764729818,0.6397473344333026,0.3168936729431152,0.273552805185318,0.319674015045166,0.23180844783782958,0.4979416666666669,0.327746299645034
132,CCCCCCCCCC,"Aliphatic hydrocarbons (C8-16, kerosine)",0.3388104605508018,0.455188556137602,0.03944704691569011,0.5744011411403106,0.0,0.00468842638656497,0.0,0.007800206542015076,0.5955833333333337,0.3187596276203873
133,c1ccccc1,Aromatic hydrocarbons (C6-8),0.28107721822245135,0.20033758684065478,0.13586026509602867,0.5689666148857918,0.0,0.0038417526520788674,0.0,0.007609464973211288,0.39055,0.17247337753666858
134,CCCCCCCCC=CCCCCCCCC(=O)OC,FAME (C14-18),0.5920112583187077,0.8805792450684496,0.31594017028808596,0.782521438268927,0.2647162914276123,0.005728793330490589,0.17082048654556276,0.002459334954619408,0.7664083333333339,0.6079833902618718
135,CCCCCCCCCCCCCCCC(=O)OC,FAME (veg oil),0.5520229606361655,0.8040211776072153,0.26647705078125,0.7680707253972929,0.2619211196899414,0.006269257515668869,0.1681696891784668,0.005084878206253052,0.7200583333333338,0.5467684682874562
136,CCCCCCCCCCCCCC,"Renewable hydrocarbons (NExBTL renewable diesel, diesel type fraction, contains C15)",0.42039129617330906,0.6329087597997214,0.051081848144531254,0.5776477103204488,0.0,0.0062568760477006435,0.0,0.0071882918477058425,0.7256166666666672,0.4424485968789771
137,CCCCCCCCC=CCCCCCCCC(=O)OC,FAME (C16-C18),0.5920112583187077,0.8805792450684496,0.31594017028808596,0.782521438268927,0.2647162914276123,0.005728793330490589,0.17082048654556276,0.002459334954619408,0.7664083333333339,0.6079833902618718
138,CCCCCC,Renewable hydrocarbons (gasoline type fraction),0.22763564369895234,0.2752991224074663,0.030884230931599935,0.5860200929765363,0.001467136200517416,0.003244539722800255,0.0,0.005898144841194152,0.4655500000000001,0.19507065836179746
139,CCCCCCCCCCCCCCCC,Renewable hydrocarbons (kerosine type fraction) ,0.4466679913180691,0.7192747594395026,0.05492871602376302,0.5742021270527753,0.0,0.008158551529049873,0.0,0.008043835312128069,0.790633333333334,0.5042930815082719
140,CCCCCCCCCCCCCC(C)C,"Renewable hydrocarbons (C15-18, branched) ",0.4612847174797858,0.7199425234102228,0.0577160898844401,0.5791229330061218,0.0,0.0069223856553435326,0.0,0.007820138335227966,0.7786250000000005,0.5038242582546385
141,CCCCCCCCCCCC(=O)OC,FAME (C12-16),0.47435719149929656,0.6169703607565081,0.24750167846679688,0.7664768116785312,0.2529989004135132,0.005583585239946842,0.1613861322402954,0.005844585970044136,0.5900250000000002,0.42307949902886655
142,COCCCOCCCOC(C)=O,Di(propylene glycol) methyl ether acetate,0.5038583395364401,0.48905670611024465,0.4067842610677083,0.9142982265304263,0.46347341537475584,0.003870017593726516,0.3390506744384766,0.004933379963040352,0.332725,0.32062152568481705
143,CCCCCCCCCCCC(=O)OC,FAME (C12-14),0.47435719149929656,0.6169703607565081,0.24750167846679688,0.7664768116785312,0.2529989004135132,0.005583585239946842,0.1613861322402954,0.005844585970044136,0.5900250000000002,0.42307949902886655
144,CCCCCCCCC=CCCCCCCCC(=O)OCC(O)CO,Monoglycerides (C16-18),0.7327353737571023,1.0072208012024415,0.5218079121907552,0.8647274719607553,0.5430468082427979,0.17716744542121887,0.470688772201538,0.14422898292541503,0.6600250000000005,0.688591520996585
145,COC(=O)CCCCC(=O)OC,Dibasic esters (DBE): Reaction mass of dimethyl adipate and dimethyl glutarate and dimethyl succinate,0.46181830826339176,0.4255632834161276,0.43471277872721353,0.901637454020534,0.4380825996398926,0.004174447152763605,0.26366841793060297,0.004958818107843399,0.32439999999999997,0.28002143192016615
146,Fc1c(F)c(F)c(-c2c(F)c(F)c(F)c(F)c2F)c(F)c1F,Decahydronaphthalene (mixed isomers),0.493589801388187,0.5572557525728782,0.1431730270385742,0.4895090022371469,0.0,0.021389264613389976,0.0,0.006819460541009901,0.6453833333333333,0.3400174134351348
147,CCC(Cl)CC(Cl)C(Cl)C(Cl)C(Cl)C(C)Cl,"Short chain chlorinated paraffins (C10-13, alkanes)",0.6074833236374222,0.7225317227372791,0.31954917907714847,0.523854531804961,0.0,0.026443185284733776,0.00401429682970047,0.006574789434671402,0.7042333333333337,0.5206483155850247
148,Cc1ccccc1,"Aromatic hydrocarbons (C7-12, mostly C8)",0.3092308177814617,0.24670799382292632,0.13962940216064454,0.5808295391712502,0.0005810061004012824,0.0031784053426235914,0.0,0.006414204090833664,0.4162516666666667,0.20419931685754464
149,CCCCCCCCCC,Hydrocarbons C9-16,0.3388104605508018,0.455188556137602,0.03944704691569011,0.5744011411403106,0.0,0.00468842638656497,0.0,0.007800206542015076,0.5955833333333337,0.3187596276203873
150,CCCCCC,Gasoline (C4-C8),0.22763564369895234,0.2752991224074663,0.030884230931599935,0.5860200929765363,0.001467136200517416,0.003244539722800255,0.0,0.005898144841194152,0.4655500000000001,0.19507065836179746
151,CCCCC,"Aliphatic hydrocarbons (C3-6, rich in pentanes)",0.194403494988288,0.2318234195893344,0.030241038004557293,0.5921283893370897,0.006141367554664612,0.002049136441200971,0.002978089079260826,0.007195615768432619,0.4330416666666667,0.16414841604715016
152,CCCCCCCCCCCCCCCC,White mineral oil (C15-50),0.4466679913180691,0.7192747594395026,0.05492871602376302,0.5742021270527753,0.0,0.008158551529049873,0.0,0.008043835312128069,0.790633333333334,0.5042930815082719
153,CCCCCC,Renewable hydrocarbons (naphtha type fraction) ,0.22763564369895234,0.2752991224074663,0.030884230931599935,0.5860200929765363,0.001467136200517416,0.003244539722800255,0.0,0.005898144841194152,0.4655500000000001,0.19507065836179746
154,OC1COCOC1,"Glycerol formal (mixture: 1,3-dioxan-5-ol (60%) and 1,3-dioxolane-4-methanol (40%, CAS: 5464-28-8))",0.422624494645979,0.22544807250750915,0.4310067240397135,0.7440031837984314,0.5116617202758789,0.3244769871234894,0.4421701431274414,0.289905834197998,0.19596666666666665,0.14793248945147672
155,CCCCCCCCCCCC,Hydrocarbons C10-18,0.38217179758565406,0.5445827782631508,0.04586765289306641,0.5828088914513485,0.001300028059631586,0.00495516462251544,0.0,0.00733916312456131,0.6606000000000003,0.3806041122496822
156,CCCCCCCCC,White spirit type 1 (medium flash),0.3088559504155512,0.41088566963225576,0.03528612454732259,0.5724637501180018,0.0,0.004709430038928985,0.0,0.007551228255033494,0.5630750000000003,0.2878373853057399
157,CCCCCCCCC(C)C,White spirit type 3 (medium flash),0.3750508848603789,0.5013516736143202,0.045912256240844725,0.5801671579570326,0.001377677451819181,0.004189245868474245,0.0,0.0074461475014686584,0.6160833333333336,0.3492130466814014
158,OCC1CCC(CO)CC1,Cyclohexanedimethanol,0.4889114619968654,0.3733109720778138,0.43312179565429687,0.67768351786489,0.5394757270812989,0.48415264487266535,0.5436859607696534,0.39621388912200917,0.31478333333333336,0.2607300247806577
159,CC(C)C(=O)OCC(C)(C)C(OC(=O)C(C)C)C(C)C,"1-Isopropyl-2,2-dimethyltrimethylene diisobutyrate",0.605223915793679,0.7826803085568456,0.3393947855631511,0.8411185182985192,0.3519971132278442,0.007253830786794424,0.2274433851242066,0.00622648261487484,0.5363000000000002,0.5253767329716701
160,CC(C)C(=O)OCC(C)(C)C(O)C(C)C,"2,2,4-Trimethyl-1,3-pentanediol monoisobutyrate",0.5239039734526947,0.5896481341418605,0.3146849060058594,0.765734099682385,0.3576554775238037,0.10808518528938293,0.28378243446350104,0.08338204622268676,0.435725,0.40005893778045715
161,CC(C)CC(C)(O)CCC(C)(O)CC(C)C,"2,4,7,9-Tetramethyl-4,7-decanediol",0.5861939783696528,0.669077448787129,0.35134735107421877,0.6612924198292408,0.396242094039917,0.32372534275054937,0.3965613603591918,0.2629287719726562,0.5300666666666668,0.46012725202598664
162,O=C(OCCOCCOC(=O)c1ccccc1)c1ccccc1,Diethylene glycol dibenzoate,0.7624078497186407,0.7441068795408451,0.5488088989257812,0.8086318541108892,0.3694456815719604,0.006946660578250885,0.23744361400604239,0.003624333068728446,0.4764166666666667,0.5597615698881525
163,CC(C)COC(=O)CCCCC(=O)OCC(C)C,Diisobutyl adipate,0.5794867802333165,0.6927229622155152,0.40290916442871094,0.8913624334046836,0.4286311626434326,0.0057360269129276276,0.28804492950439464,0.003694496676325798,0.49543333333333345,0.46461723930078397
164,CC(C)COC(=O)CCCC(=O)OCC(C)C,Diisobutyl glutarate,0.5655792076270897,0.6503451463499949,0.39884358723958335,0.8771952346366546,0.4076406955718994,0.007337993010878563,0.2713443517684936,0.004214239865541458,0.462925,0.43369499698613656
165,CC(C)COC(=O)CCC(=O)OCC(C)C,Diisobutyl succinate,0.5349467217505395,0.6074788862734904,0.3888991292317708,0.8605931577954501,0.3739717721939087,0.00609084777534008,0.234234642982483,0.0033338554203510276,0.43041666666666667,0.4027727546714892
166,OCCOc1ccccc1,2-Phenoxyethanol,0.4730046412327906,0.3320561767628267,0.39214530944824216,0.6252222934877862,0.27600677013397223,0.2575143277645111,0.2521425724029542,0.2152531623840332,0.33814166666666673,0.2567329716696807
167,CC(CO)Oc1ccccc1,Propylene glycol phenyl ether,0.4846966216614196,0.37580982207468494,0.3548240152994792,0.6543784788588357,0.26473515033721917,0.19532594084739688,0.24181883335113522,0.15931638479232788,0.37051666666666666,0.2875078695331862
168,OCCOCCOc1ccccc1,Diethylene glycol phenyl ether,0.5515999427208533,0.4461097490079938,0.44031982421875,0.7559134797382272,0.3763925075531006,0.12577657401561737,0.3549282312393188,0.09079081416130066,0.339525,0.3291929542562456
169,CCCC(C)O,2-Pentanol,0.30770430531535115,0.2559987442477281,0.22605511983235682,0.6528906644987669,0.2931797981262207,0.2239144593477249,0.3014334678649902,0.17787668704986573,0.347275,0.17345656687428831
170,CCOC(C)(C)C,t-Butyl ethyl ether,0.3035283455481896,0.29995399110002385,0.12118400573730466,0.684539916913058,0.1521411061286926,0.006493456661701202,0.1325230598449707,0.005178100615739822,0.4017833333333333,0.20553881186792564
171,Nc1ccccc1,Aniline,0.4185785480312534,0.22922569614926702,0.3342840830485026,0.48629300143044885,0.0729140043258667,0.267698884010315,0.0506447196006775,0.13915234804153442,0.3557333333333333,0.20202531645569619
172,CC(C)c1ccccc1,Cumene,0.3616491264396614,0.33399017891812366,0.1434547551472982,0.5832189085572159,0.002471102215349674,0.004332315642386675,0.002161401137709618,0.0071034073829650875,0.4841666666666667,0.26683410354296444
173,CC(=O)CC(C)=O,Acetylacetone,0.3576935121229478,0.24588115486087045,0.34474258422851556,0.7926729510545525,0.3070052146911621,0.005799947306513786,0.15270349979400635,0.010003882646560668,0.29620833333333335,0.16937244658763637
174,CCCC(=O)OCC,Ethyl butyrate,0.3406206744534152,0.3046089716088872,0.22972707112630208,0.7635029798555498,0.260400915145874,0.005956173874437809,0.17427278757095338,0.007062475383281708,0.36246666666666666,0.20662380282633433
175,CCCCCCOC(C)=O,n-Hexyl acetate ,0.3954063962389539,0.39630526834308893,0.24840911865234375,0.7719359171215378,0.2676785945892334,0.006432958878576755,0.176632821559906,0.006855351477861404,0.42748333333333327,0.26846828745562934
176,CCNCC,Diethylamine,0.24620628356933585,0.22244849354855026,0.13632500966389974,0.6962086208544627,0.2295987367630005,0.012578845024108887,0.2878750085830688,0.008172589540481567,0.3013166666666667,0.15757618377871535
177,CC12CCC(CC1)C(C)(C)O2,"1,8-Cineol",0.42665016734516703,0.4184360280862504,0.14347756703694658,0.6902094241762944,0.1753171801567078,0.008554858155548573,0.16035292148590088,0.006100202351808548,0.47867500000000013,0.300294688902284
178,OCC1CCCO1,Tetrahydrofurfuryl alcohol,0.3738477213399393,0.2461925043563233,0.3087144978841146,0.7757189791060359,0.4352303028106689,0.15818291902542111,0.4186712741851806,0.12465224266052247,0.26314166666666666,0.16991360257183033
179,ClCC(Cl)CCl,"1,2,3-Trichloropropane",0.36554898748864656,0.2780950001363857,0.2333385467529297,0.5060769297897352,0.0,0.0222642682492733,0.004000775516033172,0.00582331158220768,0.4226166666666667,0.20354296430245788
180,COCC(C)OCC(C)OC,Di(propylene glycol) dimethyl ether,0.4460068882762135,0.4405579189912424,0.27065884908040366,0.821895065241676,0.3488899707794189,0.007227825466543436,0.2936853408813476,0.00845666155219078,0.3394,0.28846694796061895
181,C[Si](C)(C)O[Si](C)(C)O[Si](C)(C)C,Octamethyltrisiloxane,0.31650458515940844,0.6913473834783836,0.16640893300374346,0.6070856252619183,0.03031780421733856,0.00453420914709568,0.007336381822824478,0.009468399733304978,0.5326000000000002,0.43971602705779944
182,CCCCC(CC)COC(C)=O,2-Ethylhexyl acetate,0.43311424522133135,0.4831048382163465,0.23434244791666667,0.7591954052396757,0.2516169548034668,0.006304505281150341,0.16337519884109497,0.006861831992864607,0.48049166666666676,0.3298439488312908
183,COCOC,Dimethoxymethane,0.23676604157561187,0.18921924464926396,0.20908170064290366,0.7446661729079026,0.256471061706543,0.006987060885876417,0.207614254951477,0.012413201481103898,0.269725,0.12186055856941932
184,CCOC(=O)c1ccccc1C(=O)OCC,Diethyl phthalate ,0.5831586931135271,0.5256914635119827,0.40998138427734376,0.8040677188487535,0.3188423633575439,0.00589341763406992,0.18202565908432006,0.005503663793206214,0.42,0.38620989886812696
185,CCCCCCCCCCCCCCCC(=O)OC,Methyl palmitate,0.5520229606361655,0.8040211776072153,0.26647705078125,0.7680707253972929,0.2619211196899414,0.006269257515668869,0.1681696891784668,0.005084878206253052,0.7200583333333338,0.5467684682874562
186,NC=O,Formamide,0.34218940201339176,0.09133601663636094,0.43516286214192706,0.5769763374081334,0.4899552822113037,0.550483763217926,0.4509729862213134,0.43023648262023917,0.17512499999999998,0.0640372379612886
187,c1ccc(Oc2ccccc2)cc1,Diphenyl ether,0.5003062695056408,0.4158154274311171,0.2595241546630859,0.5562177170116323,0.002320040389895439,0.0037882144097238775,0.0002476154128089548,0.0051639236509799956,0.5399083333333334,0.3500636260129933
188,O=C1CCCO1,γ-Butyrolactone ,0.35541893218780723,0.1883735554887667,0.31450426737467446,0.7821239942914984,0.3046701192855835,0.00822381116449833,0.17214972972869874,0.014076296985149384,0.27695,0.13062085593731157
189,CCCCOP(=O)(OCCCC)OCCCC,Tributylphosphate,0.593564813787287,0.691824483097787,0.37547147115071616,0.9305784115012391,0.5396396160125733,0.011386220343410969,0.5065601348876954,0.007279555499553681,0.628716666666667,0.4654510749447463
190,CSC,Dimethyl sulphide,0.2085997708193905,0.1571908458397114,0.1608685557047526,0.6217916994746018,0.04745840132236481,0.00231444020755589,0.01502215713262558,0.010001866519451142,0.3316,0.12557095974817492
191,CCS,Ethanethiol,0.21210365695553224,0.15721579140572856,0.14324259440104167,0.6001477023085955,0.02650031745433807,0.013098576106131075,0.004600241035223008,0.010286151617765426,0.3280083333333333,0.1261603375527426
192,c1ccc2c(c1)CCCC2,"1,2,3,4-Tetrahydronaphthalene",0.39814787644606364,0.34431645238049396,0.13932434082031253,0.5873070917154245,0.00175272636115551,0.004776808898895979,0.002266374789178372,0.006385312974452972,0.4637833333333334,0.283932757350479
193,C=CCc1ccc(O)c(OC)c1,Eugenol,0.5245786146684126,0.4102805516244352,0.3562233988444011,0.5581820831282343,0.11256533861160281,0.23860189318656924,0.06279728412628174,0.215071702003479,0.4274416666666667,0.32060679123970287
194,COC(=O)CCCCC(=O)OC,Dimethyl adipate,0.46181830826339176,0.4255632834161276,0.43471277872721353,0.901637454020534,0.4380825996398926,0.004174447152763605,0.26366841793060297,0.004958818107843399,0.32439999999999997,0.28002143192016615
195,CC(C)Cl,2-Chloropropane,0.22432425972465034,0.1881724240280906,0.10020334243774413,0.5869150590360834,0.005354968085885048,0.0033386838622391224,0.0003927020356059074,0.009011460095643999,0.3861333333333333,0.1359520460786283
196,CC(O)CCO,"1,3-Butanediol",0.3763046998244065,0.2296248722135176,0.40909103393554686,0.6943203869212158,0.5410808086395263,0.4424844086170196,0.5516798019409179,0.3684333562850952,0.22913333333333333,0.15198981983792104
197,COCC(C)OCC(C)OC(C)CO,Tripropylene glycol methyl ether,0.550053189684461,0.5479343216089673,0.3811618550618489,0.9032535404610862,0.5349238395690918,0.052509211003780365,0.4924105167388916,0.03254121840000152,0.31865000000000004,0.3596195834170521
198,O=C(OCc1ccccc1)c1ccccc1,Benzyl benzoate ,0.5963924247901756,0.5142033409107685,0.36358805338541667,0.6605065575734026,0.1615531921386719,0.004868401680141687,0.08816814422607422,0.005387262254953383,0.5036333333333335,0.41064563659500397
199,CCCCOCC(C)OCC(C)OC(O)CC,Tripropylene glycol butyl ether,0.6161476215282521,0.6847112361448063,0.38734377543131515,0.8261876712096798,0.4725989818572998,0.14621502161026,0.41262202262878417,0.11468322277069092,0.4451416666666666,0.45071194159801803
200,CCCCCCCCCCCCCCCC,n-Hexadecane,0.4466679913180691,0.7192747594395026,0.05492871602376302,0.5742021270527753,0.0,0.008158551529049873,0.0,0.008043835312128069,0.790633333333334,0.5042930815082719
201,C=C(Cl)Cl,"1,1-Dichloroethylene",0.23004023678652882,0.17810124718303139,0.0910984293619792,0.5246314095750181,0.0,0.015483804978430275,0.0,0.010528397560119628,0.41126666666666667,0.13499430714620586
202,FC(F)(F)C1(F)C(F)(F)C(F)(F)C(F)(F)C(F)(F)C1(F)F,Perfluoromethylcyclohexane,0.318367117768401,0.5039764736486573,0.031580963134765626,0.5382405007410997,0.0,0.008328032679855824,0.007330324500799181,0.01129339262843132,0.6205916666666668,0.22730560578661843
203,CC(C)[N+](=O)[O-],2-Nitropropane,0.28851477749697807,0.20306268622679832,0.23297465006510412,0.6446201815724683,0.05543841123580932,0.012524805031716825,0.0,0.013448609411716462,0.30595833333333333,0.14359654410287315
204,FC(F)(F)C(F)(F)C(F)(F)C(F)(F)C(F)(F)C(F)(F)C(F)(F)C(F)(F)F,Perfluorooctane,0.3458781875930465,0.6348957556134794,0.045480594635009766,0.532934253135424,0.0,0.009225831367075443,0.0044814225286245336,0.008654677122831345,0.7435666666666668,0.27527961958341696
205,FC1(F)C(F)(F)C(F)(F)C2(F)C(F)(F)C(F)(F)C(F)(F)C(F)(F)C2(F)C1(F)F,Pefluoro-cis-decalin,0.40471832568828875,0.6620266911037944,0.0482723077138265,0.5331068912661066,0.0,0.009977475740015507,0.005507299676537514,0.008788283169269561,0.7093833333333336,0.3118612283169245
206,Oc1ccccc1Cl,2-Chlorophenol,0.4073145873063094,0.26849402840755926,0.28403999328613283,0.398617641412707,0.04765790700912476,0.4061198532581329,0.017772381007671357,0.4186243534088134,0.4204666666666667,0.21717768401312704
207,CCOC(=O)CCC1(C)OCC(CO)O1,Glycerol ketal of ethyl levulinate,0.6184931268225183,0.5211247953210041,0.5285448710123698,0.9091298557502396,0.6035117149353028,0.15150135755538938,0.47716832160949696,0.12206417322158813,0.2878,0.34487174335275633
208,CCOC(=O)CCC1(C)OCC(C)O1,Propanediol ketal of ethyl levulinate,0.5365078799374453,0.498302454232533,0.3913148752848307,0.8948571840647283,0.44651522636413576,0.006042263470590115,0.319596529006958,0.004887143522500992,0.37343333333333334,0.33541624807447623
209,CCC(C)(C)OC,t-Amyl methyl ether,0.30764521752204094,0.29839837181418793,0.12763048807779945,0.6974039036545552,0.1698129415512085,0.007956249639391899,0.1525148868560791,0.006179320439696312,0.4017833333333333,0.20553881186792564
210,CCCOC(C)=O,n-Propyl acetate,0.3144562861302515,0.2619147607251393,0.24420361836751303,0.7660122395798165,0.2708698987960815,0.006599705666303635,0.17355893850326537,0.007639851421117783,0.32995833333333335,0.175701560511687
211,CN(C)CCO,2-Dimethylaminoethanol,0.29925188317999135,0.24051801486043728,0.24001495361328126,0.7914956537113174,0.3986388444900513,0.050342477858066566,0.4251739025115966,0.0355452686548233,0.21169166666666664,0.16710066305003007
212,COC(C)COC(C)CO,Dipropylene glycol monomethyl ether,0.4461732144122357,0.3890351401043272,0.33167355855305986,0.8343658282412675,0.4721521377563477,0.08685601502656937,0.4478042602539062,0.06459765434265136,0.28489166666666665,0.25638470296698146
213,CCCCCCO,1-Hexanol,0.3293448761626557,0.29957607831032435,0.2457228597005208,0.6484344254924804,0.31154136657714837,0.26330757141113276,0.3193639278411866,0.21492762565612802,0.3799166666666667,0.20452615364007756
214,CCOCCOCCO,Diethylene glycol monoethyl ether ,0.4128558018824437,0.3433908966684958,0.3713524373372396,0.8282713135873437,0.5060508251190187,0.14434447884559637,0.4828099727630616,0.11490238904953003,0.25265,0.22575714955461784
215,OCc1ccco1,Furfuryl alcohol,0.3700795740514368,0.2191797782567326,0.3407649230957031,0.6027282939043762,0.2640129089355469,0.255989283323288,0.2392226696014404,0.2103317737579346,0.314325,0.16034291072265747
216,CCCCOCC(C)O,Propylene glycol monobutyl ether,0.39797057972087724,0.3668978305831537,0.2751432037353515,0.7430512734085913,0.3685642242431641,0.14242258667945862,0.3607609987258912,0.11321614980697632,0.3486583333333333,0.24591654946085317
217,COCC(C)OC(C)=O,2-Methoxy-1-methylethyl acetate,0.3884619466074696,0.32917997807197,0.3014353179931641,0.81587728963603,0.3440434694290161,0.005819772835820914,0.24123480319976803,0.008193498849868775,0.2987,0.21709195633246262
218,CCOP(=O)(OCC)OCC,Triethylphosphate,0.5017956687020255,0.4295258050974597,0.37983802795410154,0.9141058101670537,0.5196191310882569,0.010904054157435894,0.4828598022460938,0.0075755655765533435,0.4336666666666667,0.27991762105686163
219,CCCCCCCCCCO,1-Decanol,0.42725808470399235,0.4779258127892182,0.26365918477376304,0.6370942157821193,0.3180320739746094,0.2842163145542145,0.3244004011154174,0.241666054725647,0.5099500000000002,0.3282151228986674
220,C[Si](C)(C)O[Si](C)(C)C,Hexamethyldisiloxane,0.27695444413832015,0.48012823048840564,0.13435735066731774,0.6124506202770289,0.034016859531402585,0.00524802366271615,0.004885444045066834,0.01027357429265976,0.4727333333333334,0.31536400776907125
221,CCCCOCC(C)OCC(C)O,Di(propylene glycol) butyl ether,0.5125311071222478,0.5277546749244262,0.3231126403808594,0.8231299127497957,0.43752202987670896,0.07363024353981018,0.40396475791931163,0.04851548969745636,0.3824166666666667,0.34915142991092396
222,C1CCCC1,Cyclopentane,0.20877876815262367,0.1979794787244157,0.02802366256713867,0.6007231648048658,0.01550524979829788,0.0037424655165523286,0.009907429665327072,0.009581759572029114,0.41254166666666664,0.14998995378742205
223,C[Si]1(C)O[Si](C)(C)O[Si](C)(C)O[Si](C)(C)O[Si](C)(C)O1,Decamethylcyclopentasiloxane,0.45629059851586407,0.9592821297887464,0.2677062479654948,0.6599089079307088,0.05811203122138977,0.004111021757125855,0.02226707190275192,0.0072428382933139804,0.5493333333333336,0.6171388386578264
224,CCC#N,Propanenitrile,0.27386934107000177,0.14902684526488533,0.26028434753417967,0.6917092233458365,0.1956017017364502,0.016863770782947537,0.10786069631576538,0.014501701295375823,0.326665,0.10189538543968923
225,CCOCCO,2-Ethoxyethanol,0.31031577237002494,0.22904341488703245,0.27833356221516925,0.7588920922967619,0.3873673677444458,0.13962659239768987,0.374101996421814,0.11043331623077393,0.2512666666666667,0.15329716696805296
226,CCCOC(=O)CC,Propyl propionate,0.34091281223964026,0.3057808491159793,0.22820114135742187,0.7636054854199303,0.257399320602417,0.005628579296171665,0.16684039831161498,0.006827200949192048,0.36246666666666666,0.20662380282633433
227,CCCCCCC(C)O,2-Octanol ,0.38026281503530646,0.3892332003772272,0.2388941446940104,0.656595207023126,0.3036810159683228,0.22591722011566162,0.3142452239990234,0.18037391901016236,0.4448000000000001,0.2662232938182306
228,CCCCCCCC(C)=O,2-Nonanone,0.40257292527418864,0.4207452165686293,0.22614031473795573,0.768368647648738,0.2752161502838135,0.0059540607035160065,0.19781872034072875,0.006391975283622742,0.4946583333333335,0.290449400575983
229,CCCCOC(=O)CCC,Butyl butyrate,0.38520288133954667,0.3928596463676447,0.22946161905924478,0.7632560136509848,0.25389678478240973,0.0068465000949800014,0.16940258741378783,0.006669461727142334,0.42748333333333327,0.26846828745562934
230,CCOC(=O)CCC(C)=O,Ethyl levulinate,0.43298589933168635,0.3575527075992567,0.39012466430664056,0.8656709913354346,0.4054865837097168,0.00745550449937582,0.2525118589401246,0.005693215504288674,0.32655833333333334,0.2401580604112249
231,CCCCOC(=O)CCC(C)=O,Butyl levulinate,0.4670741874854881,0.449069433864516,0.3847428639729818,0.8726011455934835,0.4066917896270752,0.006471981760114431,0.2535151481628418,0.00436297096312046,0.391575,0.3020025450405199
232,CCCCBr,1-Bromobutane,0.2860738714258153,0.24553975159932415,0.12704619089762367,0.5914636095124478,0.007965165376663207,0.004283028189092875,0.002536531537771224,0.00701046884059906,0.43178333333333335,0.1876096711539749
233,c1ccc(COCc2ccccc2)cc1,Dibenzyl ether,0.5633814885066106,0.510776710157694,0.3129032897949219,0.6344602695290343,0.08659858107566834,0.001995156751945615,0.059956365823745715,0.006253162026405334,0.5336166666666669,0.4064496684749852
234,COCCOCCOCCOC,Triethylene glycol dimethyl ether ,0.4807199331430288,0.4658501218246174,0.37022198994954425,0.9028591132926446,0.4535505771636963,0.004794327076524496,0.36754987239837644,0.008119105547666549,0.27603333333333335,0.299377134820173
235,CCCS,1-Propanethiol,0.24311527839073765,0.20070138156818015,0.1406630071004232,0.6084097900984096,0.02742902040481567,0.01251268945634365,0.00943344235420227,0.009444999694824218,0.36051666666666665,0.15708257986738994
236,O=C1OCC(CO)O1,Glycerol carbonate,0.49209279947347573,0.2351538563538538,0.5061391194661459,0.6478619571379165,0.3529101848602295,0.34457987546920776,0.19560012817382813,0.3134538888931274,0.20950833333333332,0.15147545375393467
237,CCC(=O)O,Propionic acid,0.29347595134815135,0.170805954007697,0.35896614074707034,0.500279743916636,0.2494789600372314,0.5350213646888733,0.13489192724227905,0.5761509895324708,0.2900833333333333,0.11544303797468354
238,C[Si]1(C)O[Si](C)(C)O[Si](C)(C)O[Si](C)(C)O1,Octamethylcyclotetrasiloxane,0.40370262919606026,0.7678775595404279,0.24051795959472652,0.6519495437345117,0.056392830610275266,0.004011336248368025,0.0212063267827034,0.006242528185248375,0.48946666666666677,0.49278681936909813
239,OCCCCO,"1,4-Butanediol",0.37150898513260416,0.2268125573622664,0.4174072265625,0.6906284309195978,0.5571112632751465,0.46579334139823914,0.577252721786499,0.3933938026428222,0.22926666666666665,0.15213716428906293
240,CCCCCCCCCCCCO,1-Dodecanol,0.4842728034599677,0.5696490607630866,0.2772144063313802,0.6411668090029018,0.32616360187530524,0.29189434647560125,0.3376821756362916,0.2507612705230712,0.574966666666667,0.39005960752796237
241,CCCCC(CC)COC(=O)c1ccc(C(=O)OCC(CC)CCCC)cc1,bis(2-Ethylhexyl) terephthalate ,0.736034886820333,1.0610628596172853,0.38141512552897133,0.8126109427383673,0.3079887390136719,0.004265193361788987,0.1782512068748474,0.003971581906080246,0.7860833333333339,0.7563391601366292
242,CCOC(=O)CC,Ethyl propionate,0.30806990270014406,0.26167730776821485,0.2325334930419922,0.757880834844881,0.2558303594589233,0.005791123025119305,0.1633302927017212,0.006819196790456772,0.32995833333333335,0.175701560511687
243,CCOCOCC,Diethoxymethane,0.3075768264023574,0.27919749387066134,0.18749997456868486,0.7440145751372843,0.23492081165313722,0.00668479222804308,0.19258939027786254,0.006202908977866172,0.33474166666666666,0.183705043198714
244,CC[N+](=O)[O-],Nitroethane,0.2547397680215902,0.1570296241507978,0.2453928120930989,0.6259428245194946,0.058523756265640256,0.020771179348230362,0.0015155861154198646,0.017021721601486205,0.27358333333333335,0.11282164623936775
245,CC(=O)C(C)C,3-Methyl-2-butanone,0.2863279956204074,0.2421868293528735,0.20558773040771486,0.7431579827231998,0.25462920665740973,0.006494739092886448,0.17400708198547363,0.010008126497268675,0.35261666666666663,0.1662916080637599
246,CCCC#N,Butyronitrile,0.2989242993868314,0.19324336244869483,0.25711275736490885,0.7101959650539177,0.20812125205993648,0.011762725189328194,0.12478835582733154,0.011061275005340576,0.35917333333333334,0.13281762775433653
247,C1CCNC1,Pyrrolidine,0.2695557320868218,0.1888465027369423,0.16966199239095053,0.7373446082903995,0.3104976654052734,0.0227089487016201,0.3969693899154664,0.011336327344179154,0.28081666666666666,0.14341772151898732
248,CCCCCl,1-Chlorobutane,0.25969417278583234,0.2322447364103576,0.11092797597249347,0.591537941707654,0.0065863698720932005,0.003698403714224696,0.0028280446305871,0.006868594139814376,0.41877499999999995,0.16702163284441757
249,CCOCCOCCOCC,Diethylene glycol diethyl ether,0.4440903030075393,0.43956592533960076,0.28380907694498697,0.8217170405408485,0.3464485883712769,0.007603063713759184,0.2795557022094726,0.00875353366136551,0.33966666666666673,0.28876163686290285
250,COC(=O)[C@H](C)O,Methyl L-lactate,0.3620636746599957,0.2374394311628735,0.3480950927734375,0.7653930189286003,0.3504314184188843,0.09998179972171783,0.2464623928070068,0.07239461541175843,0.2116833333333333,0.1540874690241778
251,CC(=O)OCCOC(C)=O,Ethylene glycol diacetate,0.45742367030857317,0.3357389383086876,0.4346439615885417,0.8371694164226667,0.3712653160095215,0.008641161024570465,0.19882749319076537,0.008568889647722244,0.25938333333333335,0.21817694729087128
252,CCC(C)CCCC(C)CCCC(C)C,"β-Farnesene, hydrogenated (2,6,10-Trimethyldodecane, Farnesane)",0.4528424323021949,0.6769829368317095,0.051123676300048826,0.578566052528322,0.0014508728869259359,0.0031303686555475,0.0,0.006712692230939866,0.7221000000000005,0.4719643694327243
253,ClCCOCCCl,Dichloroethyl ether,0.38425220809616406,0.3011260879776712,0.27526051839192706,0.6087634614962592,0.0646300494670868,0.009197902865707874,0.04045401513576508,0.0090205118060112,0.37338333333333334,0.2114325899136025
254,COCCOCCOC,Diethylene glycol dimethyl ether,0.386983551345505,0.35025334039932166,0.29596110026041667,0.840818799149918,0.3698982715606689,0.00603637844324112,0.3057620286941528,0.008495784550905227,0.27465,0.2269171522336079
255,CCCCOCOCCCC,Dibutoxymethane,0.4128642382321657,0.457904896370854,0.2054446029663086,0.762563070760478,0.24248123168945307,0.007620834745466709,0.19410176277160646,0.007555186748504639,0.4647750000000001,0.30739401245730374
256,CCCCCCCC(=O)N(C)C,"N,N-Dimethyloctanamide",0.466004438333578,0.49987737812724625,0.29454452514648444,0.8931109956759467,0.5424521446228028,0.012150821276009083,0.560803508758545,0.006859106570482254,0.452925,0.3441162681669014
257,CCCCCCCCC,n-Nonane,0.3088559504155512,0.41088566963225576,0.03528612454732259,0.5724637501180018,0.0,0.004709430038928985,0.0,0.007551228255033494,0.5630750000000003,0.2878373853057399
258,CCCCN(CCCC)CCCC,Tributylamine,0.40963981868503807,0.5777302959612151,0.08472540537516274,0.6202481400894522,0.06727520823478698,0.00660875765606761,0.08291756510734558,0.012955342233181,0.5573916666666668,0.40502310628892946
259,c1ccc2ncccc2c1,Quinoline,0.43408265814080943,0.3052288814598737,0.26422658284505207,0.6843187254672434,0.24676682949066162,0.009145362302660942,0.2792266607284546,0.00809203311800957,0.4362333333333333,0.27495144330587384
260,COC(=O)CCCC(=O)OC,Dimethyl glutarate,0.4346356892085575,0.38043449810824853,0.4255353800455729,0.8751667520560986,0.40173163414001456,0.00613379804417491,0.2333388805389404,0.005843527987599372,0.29189166666666666,0.24909918960551874
261,Clc1cccc(Cl)c1,m-Dichlorobenzene,0.3622916228287703,0.2951047109563533,0.14442766825358072,0.5152285847049802,0.00171025525778532,0.013262406922876838,0.0017771506682038307,0.008667731285095213,0.4994500000000001,0.23958207755676117
262,OCCOCCOCCOCCO,Tetraethylene glycol,0.5909786891270351,0.4795898638067365,0.5881062316894531,0.9757060823300426,0.7872184753417969,0.20314864814281464,0.772736930847168,0.1513136386871338,0.1684000000000001,0.30767262741946305
263,CCCCOCCOCCOCCCC,Diethylene glycol dibutyl ether ,0.5088751999648301,0.6164957682291665,0.29156984965006516,0.832218635051335,0.3455719709396362,0.009481042623519897,0.2735026597976684,0.0075170829892158494,0.46970000000000006,0.4124506061214926
264,CC(C)OC(=O)CCCCC(=O)OC(C)C,Diisopropyl adipate,0.5504956145386596,0.6043700921165793,0.39917930603027346,0.8865621133209202,0.42754664421081545,0.005248802248388529,0.28179316520690917,0.004065885022282599,0.45416666666666666,0.4034157122764721
265,COC(=O)C(C)CCC(=O)N(C)C,PolarClean,0.516174276391943,0.48192471864410047,0.4391541035970052,0.9846976897586699,0.6435323238372803,0.008607703261077404,0.5515705585479737,0.00588066428899765,0.305325,0.3242783470631574
266,COCCOCCOCCOCCOC,Tetraethylene glycol dimethyl ether,0.5522652472649421,0.5747741210335797,0.43604217529296874,0.9657871440864372,0.5309366226196289,0.0039628371596336365,0.4243778705596924,0.00858207419514656,0.2774166666666667,0.371837117406738
267,N#Cc1ccccc1,Benzonitrile,0.39774093094405594,0.2560371027562769,0.27188044230143227,0.6484434182209091,0.1491326808929443,0.01324627455323935,0.08376613855361939,0.009025348722934722,0.3798566666666667,0.20405197240640277
268,CCOc1ccccc1,Ethoxybenzene,0.3755439611581655,0.3110174436445819,0.2092295837402344,0.6035495253606613,0.01766798347234726,0.004644016735255719,0.00583484172821045,0.007290897518396377,0.423775,0.24727747639140052
269,CNC(C)=O,N-Methylacetamide,0.3639937647572764,0.18421789370270633,0.36339602152506517,0.7883641730121425,0.5813143730163575,0.24341449141502375,0.6063115119934082,0.17422866821289062,0.22935833333333333,0.1275915879713348
270,Clc1ccc(Cl)c(Cl)c1,"1,2,4-Trichlorobenzene",0.38614175036236953,0.33775379418298485,0.1438912836710612,0.5033153090481112,0.002650705724954605,0.02125598676502705,0.00424189455807209,0.009023816883563995,0.5539000000000001,0.2731364275668074
271,Nc1ccccc1Cl,2-Chloroaniline,0.42583034088561583,0.2751418337192249,0.29490778605143225,0.4368691473246239,0.02875187397003174,0.2637270987033844,0.019635601341724394,0.15187994241714478,0.41018333333333334,0.2355796664657425
272,CCCCOC(=O)C(O)CC,Omnia,0.4376422975446794,0.41354334391125613,0.3184368133544922,0.785124202586498,0.3490748405456543,0.06804320961236954,0.268227195739746,0.04674175381660462,0.34171666666666667,0.27777643828276743
273,CCCCC(C)=O,2-Hexanone ,0.3125489708426949,0.28481322339634363,0.21377141316731776,0.7614097430361894,0.2728761911392212,0.006545455660670997,0.19344675540924072,0.006253558397293089,0.39713333333333334,0.1976826736320406
274,CC(Cl)Cl,"1,1-Dichloroethane",0.2573351626629596,0.1881635238512705,0.12979484558105467,0.5404955943082053,0.0,0.01830870285630226,0.0,0.00903237909078598,0.4008333333333334,0.13715089411291934
275,CCOCCOC(C)=O,2-Ethoxyethyl acetate,0.39195739639388927,0.32950837579344444,0.31533556620279946,0.8139950481075198,0.3390424489974976,0.006605302914977074,0.227214789390564,0.008690138161182404,0.29883333333333334,0.21723930078360454
276,CCCC(=O)OC,Methyl butyrate,0.30123772654500036,0.26173208772977,0.23439577738444015,0.7529258662086163,0.2458964347839355,0.005431900732219218,0.14903820753097535,0.007112939655780792,0.32995833333333335,0.175701560511687
277,CCCCCOC(C)=O,Amyl acetate,0.3702230920324792,0.3516885879275295,0.247351557413737,0.7724490384140608,0.2732024908065796,0.006408233195543288,0.18005576133728027,0.007688485085964201,0.394975,0.23754604514098177
278,ClC=CCl,"Z-1,2-Dichloroethylene (cis-)",0.2472169449279358,0.17596708506523254,0.13290073394775392,0.4966849027879298,0.0,0.034335806965827935,0.0,0.009798633307218552,0.41126666666666667,0.13499430714620586
279,COCOCOCOC,Trioxymethylene dimethyl ether,0.39520292348795,0.3249536476284112,0.3395507558186848,0.8436763437018893,0.37408690452575677,0.007120443973690271,0.3006496667861938,0.011127015948295595,0.26540833333333336,0.20158730158730145
280,ClC(Cl)C(Cl)Cl,"1,1,2,2-Tetrachloroethane",0.3390561483956717,0.2759077190055229,0.1902897389729818,0.4072681680875496,0.0,0.18165785074234012,0.0,0.07934750914573671,0.46615,0.20292009912263076
281,CCCCCCCC/C=C\CCCCCCCC(=O)OC,Methyl oleate,0.5920112583187077,0.8805792450684496,0.31594017028808596,0.782521438268927,0.2647162914276123,0.005728793330490589,0.17082048654556276,0.002459334954619408,0.7664083333333339,0.6079833902618718
282,COCOCOCOCOC,Tetraoxymethylene dimethyl ether,0.4632950362625655,0.3895134305924601,0.41154169718424477,0.8915686314746852,0.4422023773193359,0.006861147936433554,0.36354410648345936,0.010756009817123414,0.26325,0.2414506730962427
283,COCOCOCOCOCOC,Pentaoxymethylene dimethyl ether,0.5194823258406632,0.46373278856228506,0.47821863810221354,0.9347277602555945,0.49749112129211426,0.005631729029119015,0.4027822971343994,0.010299205034971238,0.26109166666666667,0.281314044605184
284,CCOC(=O)OCC,Diethyl carbonate,0.3478234831269804,0.2813248241625911,0.2716869862874349,0.7680611309555964,0.257037353515625,0.004781800787895918,0.14883095026016235,0.0069949164986610425,0.34828333333333333,0.187248007501172
285,CC(C)NC(C)C,Diisopropylamine,0.309042550467111,0.30967439442695505,0.12377301534016927,0.6763869246843053,0.1845655679702759,0.011281327344477177,0.22832422256469723,0.0059644605964422216,0.3660666666666667,0.2191259795057262
286,COC(=O)CCC(=O)OC,Dimethyl succinate,0.42346712926051,0.33892137829492075,0.43255961100260415,0.8486385164120739,0.365816330909729,0.005348581355065107,0.19043563604354857,0.0072426341474056246,0.2593833333333333,0.21817694729087128
287,CC(=O)OCC(C)OC(C)=O,Propylene glycol diacetate,0.4741790611427147,0.37877320489199856,0.4158853912353515,0.855776649151986,0.3974987983703613,0.008451654575765133,0.23484480381011957,0.005503268912434578,0.29175833333333334,0.2489518451543768
288,CC1CCC(C(C)C)CC1,p-Menthane,0.35670229104849005,0.4180218878162547,0.038137165705362956,0.5760939609623202,0.002995769865810871,0.005696199368685484,0.006839857995510101,0.006338517367839814,0.5390583333333335,0.30319469559975903
289,CC(O)CN,Dimethyl phthalate,0.3198564836195299,0.19264352500353013,0.33914962768554685,0.8072165750488703,0.5163774013519287,0.12397796660661697,0.5923621654510498,0.06671361923217775,0.193825,0.13425222691045474
290,CC(=O)OCc1ccccc1,Benzyl acetate,0.4584723119135502,0.3673054524137881,0.32599853515625,0.7133058665019227,0.20682227611541748,0.00436724629253149,0.11424243450164795,0.007213610410690308,0.3958083333333333,0.2760833165896459
291,CCCOCC(C)OCC(C)O,Di(propylene glycol) propyl ether,0.4913354620233282,0.4847780401198912,0.3184581247965495,0.8181767410106874,0.434357213973999,0.07533673197031021,0.4020535945892334,0.05112709403038024,0.3499083333333333,0.3182291875962764
292,OCCc1ccccc1,2-Phenylethanol,0.42777987126703865,0.31451204793118775,0.3370006561279297,0.6127755165924362,0.2589558601379395,0.25313717126846313,0.2508268594741822,0.2117857217788696,0.35178333333333334,0.24473779385171796
293,CCCCCCCCCCCCCC(=O)OC(C)C,Isopropyl myristate,0.5532582022927024,0.8016274687836952,0.24688667297363281,0.7599477116775183,0.25390808582305907,0.00654392596334219,0.1645401120185852,0.004894163087010384,0.7199250000000005,0.5466211238363142
294,CCCCN1CCCC1=O,N-Butyl pyrrolidone,0.46978862469012916,0.3765251894559331,0.3041871134440104,0.9144456710090076,0.5763938903808594,0.011510397307574749,0.5940836429595948,0.009349460154771803,0.36740833333333334,0.2681133212778783
295,CCCCOC(=O)c1ccccc1C(=O)OCCCC,Dibutylphthalate,0.6278920206990276,0.7083889030288881,0.39626668294270834,0.812020488926946,0.32759914398193357,0.006034456193447112,0.2051314115524292,0.004122394323349,0.5500333333333336,0.5098988681267166
296,OCCCO,"1,3-Propanediol",0.35344916123610265,0.18359422321362664,0.4210167185465495,0.6739316213306107,0.5401224613189697,0.48604294657707214,0.5458803176879882,0.4175225257873536,0.19675833333333334,0.12121492197441562
297,CCCCCCCCCCCCCCCC(=O)OC(C)C,Isopropyl palmitate,0.5892191266680098,0.8908482314772027,0.24992932637532553,0.7589496424616465,0.253350567817688,0.00671414565294981,0.16663213968276977,0.004337073490023612,0.7849416666666672,0.608465608465609
298,CC(C)=CCC/C(C)=C/CO,Geraniol,0.4373341206904057,0.4506905509304722,0.30627237955729164,0.6534325608737322,0.2885433912277222,0.23774898052215576,0.283452844619751,0.1956787347793579,0.47261666666666685,0.3269559975889092
299,CC(=O)C(C)(C)C,"3,3-Dimethyl-2-butanone",0.3205691050816249,0.28492854963119674,0.20396387736002605,0.7522245158176537,0.25469415187835687,0.00650643790140748,0.1706939697265625,0.008721078187227251,0.385125,0.19721385037840722
300,Cc1cc(C)nc(C)c1,"2,4,6-Trimethylpyridine",0.3941948297140481,0.32452054747469644,0.21502683003743484,0.7516220771967592,0.2984003305435181,0.005988568067550659,0.3551752090454102,0.0066078625619411455,0.4172383333333333,0.25288326300984537
301,CCCCl,1-Chloropropane,0.22127460266326687,0.1866810959843204,0.10472361882527667,0.5867352250741285,0.007143145054578781,0.003460192587226629,0.002168366312980652,0.00894753560423851,0.3862666666666667,0.13609939052977027
302,CCCCCCCCCCCCCC(=O)OC,Methyl myristate,0.5159742048570326,0.7120008705626476,0.25776140848795576,0.7685652677623382,0.25921530723571784,0.005884949117898941,0.16485610008239746,0.005299874767661094,0.655041666666667,0.4849239836581613
303,C1COCO1,"1,3-Dioxolane",0.2753291630244755,0.1589793896474347,0.2503163401285807,0.7594196052518299,0.289167308807373,0.006985413376241922,0.21636850833892818,0.013117435574531554,0.249225,0.10770209630969124
304,CCOC(C)(C)CC,2-Ethoxy-2-methylbutane ,0.33171065537245953,0.3419507289721163,0.12034962972005206,0.6808881273327352,0.1460492014884949,0.006168452091515063,0.1311454653739929,0.004935606196522712,0.4342916666666667,0.2364610541825731
305,CC(=O)CC(C)(C)O,4-Hydroxy-4-methyl-2-pentanone,0.391456717377776,0.305671539902075,0.3393699900309245,0.7894989218089533,0.41794404983520506,0.11021454632282257,0.34575614929199217,0.08514937162399291,0.3113666666666666,0.20699082445917874
306,CN(C)C1CCCCC1,Cyclohexyldimethylamine,0.37209662857589176,0.3598090277777778,0.09017147064208987,0.6463999257792454,0.1022748708724976,0.003995257429778576,0.10116922855377197,0.006686650961637496,0.406725,0.26702833031946965
307,CC(O)CC(C)(C)O,"2-Methylpentane-2,4-diol ",0.4132450410536119,0.317655690667761,0.3806244150797526,0.7004760372916892,0.49882659912109384,0.3646087944507599,0.5096086025238038,0.29374597072601316,0.29401666666666665,0.21368696001607382
308,CC(O)CN,1-Aminopropan-2-ol,0.3198564836195299,0.19264352500353013,0.33914962768554685,0.8072165750488703,0.5163774013519287,0.12397796660661697,0.5923621654510498,0.06671361923217775,0.193825,0.13425222691045474
309,CC(O)C(C)O,Methyl octanoate,0.3797106509442096,0.22912262332686714,0.3902283223470052,0.6623024738545858,0.47658166885375974,0.4223358035087585,0.46505022048950206,0.35140867233276357,0.229,0.15184247538677917
310,CC(CC(C)(C)C)CC(C)(C)C,"2,2,4,6,6-Pentamethylheptane ",0.378137688536744,0.5382223483790947,0.060790850321451824,0.580089830589789,0.0059411335736513134,0.0048362412489950666,0.004437770321965218,0.008336142450571061,0.6245750000000003,0.37919764248878207
311,C=C(C)CC(C)(C)C,"2,4,4-Trimethylpentene",0.3109346603180145,0.35034907997744014,0.07962916692097981,0.5890928242056145,0.0044079054147005085,0.005059461575001479,0.002731668762862682,0.00774213969707489,0.4998916666666668,0.2558167570825799
312,CCCCCCCCCC(=O)N(C)C,"N,N-Dimethyl decanamide",0.5053172611690068,0.5871944431407565,0.29898216247558596,0.9038547591701498,0.5501455783843994,0.011402823030948639,0.5635517120361329,0.008185096830129624,0.5179416666666669,0.4059607527961962
313,Cc1ccc(C)c(C)c1,"1,2,4-Trimethylbenzene",0.3546269490168645,0.3340339903519076,0.14367930094401038,0.5927356231181706,0.002437438070774078,0.002871320117264986,0.002606259286403656,0.006761159747838974,0.4676550000000001,0.2676511954992969
314,CCCCCCCCCCCCCC,Tetradecane,0.42039129617330906,0.6329087597997214,0.051081848144531254,0.5776477103204488,0.0,0.0062568760477006435,0.0,0.0071882918477058425,0.7256166666666672,0.4424485968789771
315,Cc1ccc(Cl)cc1,4-Chlorotoluene,0.3531207104662915,0.2927039195977581,0.14657430013020833,0.5504325180086682,0.0,0.005378369707614183,0.0,0.007505301386117937,0.4707016666666668,0.23775366686759097
316,NCCOCCO,2-(2-Aminoethoxy)ethanol ,0.3872444446270282,0.2626553243816106,0.42503064473470054,0.9024340894166621,0.6690212249755859,0.12792120873928076,0.7635710716247558,0.07555186748504637,0.16283333333333333,0.1759373116335141
317,Cc1ccccn1,2-Methylpyridine,0.33842038774823807,0.23705474922460654,0.2279091898600261,0.7299583059193867,0.2996698617935181,0.006956392899155616,0.355069351196289,0.00892244204878807,0.36583499999999997,0.18943138436809315
318,CC(C)C(=O)C(C)C,"2,4-Dimethyl-3-pentanone",0.3472105306345266,0.32947556422608276,0.1938838068644206,0.7520704607357728,0.24467556476593022,0.00704552698880434,0.1722705125808716,0.007392604649066927,0.40562499999999996,0.2276672694394213
319,CC1CCCC1,Methylcyclopentane,0.2529092802034391,0.24521213734411912,0.032585439682006834,0.5967818460489206,0.012110079079866411,0.00410861661657691,0.009714638441801073,0.008629024773836137,0.4330416666666667,0.180443372848436
320,CC(O)C(C)O,"2,3-Butanediol",0.3797106509442096,0.22912262332686714,0.3902283223470052,0.6623024738545858,0.47658166885375974,0.4223358035087585,0.46505022048950206,0.35140867233276357,0.229,0.15184247538677917
321,C=CCCC,1-Pentene,0.21988570606791888,0.21999510026462868,0.0757006390889486,0.5959138561139976,0.010254229605197911,0.0020744614303112026,0.004919401928782464,0.007063512504100799,0.414375,0.16351885339227104
322,CCn1cc[n+](C)c1.F[B-](F)(F)F,1-Ethyl-3-methylimidazolium tetrafluoroborate,0.4753973634092957,0.42016814665325286,0.2725892384847005,0.6166928595474493,0.1207234144210815,0.025261789560317986,0.13897687196731567,0.010210062563419341,0.38604166666666667,0.27310963766659985
323,CCCCC(CC)CO,2-Ethylhexanol,0.3779190103490869,0.3832817398857889,0.23332776387532553,0.6317903647262059,0.2770524978637695,0.244708389043808,0.27588272094726557,0.20006844997406,0.432925,0.2659018150157391
324,CC(O)COCC(C)O,Dipropylene glycol,0.45589292299497375,0.34301972168871314,0.43599533081054687,0.7769910009544063,0.568505334854126,0.3246930241584777,0.5595982551574707,0.2645065069198608,0.23038333333333336,0.224302457973344
325,CCCCCCCCCCCCCCO,Tetradecanol,0.522761631678868,0.6576101350500295,0.28199920654296873,0.6343937348783686,0.32414295673370364,0.296318918466568,0.33814265727996823,0.2580093383789062,0.6399833333333337,0.4519040921572571
326,COCC(C)O,Propylene glycol methyl ether,0.31863394650545984,0.23140288623458044,0.2736916605631511,0.7521471832987555,0.38060023784637453,0.13737104833126063,0.369718050956726,0.10589048862457276,0.2511333333333334,0.15314982251691103
327,C1CCNCC1,Piperidine,0.30054624597509416,0.23007810745035553,0.15647668202718099,0.7254840814562429,0.2820314645767212,0.0207186620682478,0.366447925567627,0.010278239101171493,0.313325,0.17433996383363465
328,COC(=O)c1ccccc1,Methyl benzoate,0.4138014399921977,0.3217166783898292,0.27883959452311197,0.6868076011242286,0.1805980324745178,0.00612708181142807,0.10179394483566284,0.008063571155071258,0.3727666666666667,0.24841939588775047
329,C=CC(=C)CCC=C(C)CCC=C(C)C,β-Farnesene,0.4763995884181736,0.6327560778931441,0.20263500213623048,0.619031273916866,0.010252880305051799,0.004893329460173845,0.0038713041692972185,0.00587579645216465,0.6834583333333337,0.47085258857410783
330,NCc1ccccc1,Benzylamine,0.3854933185177249,0.27472130036447096,0.30785410563151044,0.7363777127673942,0.3341416120529175,0.0313580110669136,0.44778265953063956,0.008802396804094314,0.34544166666666665,0.2253258321612752
331,O=C(O)C(F)(F)F,Trifluoroacetic acid,0.2526095396988875,0.18190768671417706,0.34723409016927076,0.14893995200959184,0.02949707508087158,0.8554955124855042,0.0028803374618291857,0.9981779098510742,0.302775,0.08707253365481213
332,CCCC(=O)OCCC(C)C,Isoamyl butyrate,0.41136053392103494,0.44109208629370755,0.22944636027018225,0.7597109333852704,0.2526885986328125,0.00704893795773387,0.16755828857421876,0.006880597025156023,0.4479833333333334,0.29892170651664335
333,CN1CCN(C)C1=O,"N,N'-Dimethylethyleneurea",0.4396390781535969,0.2820022404377503,0.3497517649332682,0.9505985164395054,0.644739294052124,0.01681010983884335,0.6722310543060301,0.009526053071022033,0.24863333333333335,0.20069653740539808
334,CCOC(=O)c1ccccc1,Ethyl benzoate,0.44092497125372176,0.3647178513579214,0.27627164204915367,0.6968620155222373,0.1942268490791321,0.006156002636998891,0.1182515025138855,0.006783111393451691,0.405275,0.2793416382023979
335,CCCCOC(=O)CCCCCCCCC(=O)OCCCC,Dibutyl sebacate,0.6491999059290319,0.8766835373905706,0.42620811462402347,0.9196176685540965,0.46677870750427247,0.004438985139131546,0.3269063472747802,0.0028514321893453602,0.6494833333333337,0.5892438550666403
336,O=C(O)C(Cl)(Cl)Cl,Trichloroacetic acid,0.37115352470558005,0.267448696372298,0.33713381449381513,0.215435268761479,0.04102292358875275,0.7883734703063965,0.005263611674308776,0.9073659896850585,0.37010000000000004,0.18241109101868594
337,BrC(Br)Br,Bromoform,0.3213045013534439,0.22914114446947528,0.15088503519694013,0.4578777270370655,0.0,0.13138468563556674,0.0,0.0571133315563202,0.45455833333333334,0.20011385707588236
338,CC(O)C(=O)O,Lactic acid,0.3878945437344637,0.1910137898086106,0.47843841552734373,0.47702805132523834,0.3612033367156982,0.726601779460907,0.236067533493042,0.7574848175048828,0.20431666666666667,0.1247511888018217
339,CCOC(=O)CCC(=O)OCC,Diethyl succinate,0.4720826449094118,0.4249346300815749,0.4217608896891276,0.8870794218783761,0.40709552764892576,0.004853112157434225,0.23973557949066163,0.00543297827243805,0.32439999999999997,0.28002143192016615
340,COC(=O)CCCCCCCCC(=O)OC,Dimethyl sebacate,0.5459227795367474,0.6072504275093384,0.43523630777994793,0.9215160821570132,0.46124138832092293,0.00297198724001646,0.2956071853637696,0.003295165672898292,0.4544333333333334,0.40371040117875595
341,CCN1CCCC1=O,N-Ethyl pyrrolidone,0.4273231079528381,0.2925205884907226,0.30878992716471354,0.917803165102788,0.5866863250732421,0.012157524935901165,0.6005946636199953,0.009306436032056808,0.30239166666666667,0.2062688366485834
342,CCCCCCCCOC(C)=O,Octyl acetate,0.4371669275777323,0.48654720097210996,0.25508572896321613,0.7734393100853922,0.27081444263458254,0.006037217564880848,0.17643748521804808,0.006864137947559357,0.49250000000000016,0.33031277208492427
343,CCCBr,n-Propyl bromide,0.24640808905754893,0.19914347456083778,0.12010055541992187,0.5854260474314644,0.006407617032527924,0.00452883867546916,0.000990230031311512,0.008687227219343185,0.399275,0.15668742883932749
344,CNC=O,N-Methyl formamide,0.3397155508294806,0.13663775212320614,0.3505855305989583,0.7317842007095482,0.5231640815734864,0.27357253432273865,0.5263664245605468,0.20170223712921137,0.19684999999999997,0.09666934565668743
345,CCCCCCCl,1-Chlorohexane,0.3185554184280075,0.3218627165024422,0.12300889333089193,0.5949451595725123,0.00473722405731678,0.004102068487554789,0.003382178023457528,0.005496657639741899,0.4837916666666668,0.22886611747371233
346,ClCC(Cl)Cl,"1,1,2-Trichloroethane",0.308763083878097,0.23162564136429123,0.1862779235839844,0.47750281133627015,0.0,0.06605638563632965,0.0003006782615557312,0.01638628840446472,0.41907500000000003,0.17094635322483423
347,c1ccoc1,Furan,0.25417830060412,0.1543282167846404,0.17003993988037108,0.5567050625150741,0.01554652601480484,0.01658618822693825,0.006854815781116486,0.008874081075191498,0.35663333333333336,0.12067510548523204
348,CN1CCCN(C)C1=O,"Dimethyl-1,3-propyleneurea",0.4632283124056729,0.3195565678691884,0.33893165588378904,0.9685691695019616,0.6696834564208984,0.010866066440939903,0.7128901481628418,0.00941791981458664,0.2811416666666667,0.23161877972004558
349,CCOCCOCC,Ethylene glycol diethyl ether ,0.343173020369523,0.3222470223768998,0.20009207407633467,0.7533676556296254,0.2555170059204102,0.00562649080529809,0.21740565299987802,0.006816971302032469,0.3382833333333333,0.2163016542763377
350,CCCCOCCOCCCC,Ethylene glycol dibutyl ether ,0.4310456722766369,0.5036879073523184,0.21375806172688802,0.7556671070042827,0.2453778266906738,0.006705787964165212,0.1991884708404541,0.007346342504024506,0.46831666666666677,0.33999062353492765
351,C1CCC2CCCCC2C1,cis-Decalin,0.36606653920420396,0.3805459696890565,0.03019158681233724,0.5787051235073687,0.00579361692070961,0.00521136587485671,0.012775415182113647,0.006863892823457718,0.5305666666666667,0.2895050565936643
352,FC(Cl)(Cl)Cl,Trichlorofluoromethane,0.22475314640498664,0.20920440366709347,0.045147457122802735,0.5456351961879351,0.0003894356777891517,0.005181998014450074,0.007139558345079422,0.010382121801376341,0.44029999999999997,0.13869131337485766
353,CCCCOC(=O)CCCCC(=O)OCCCC,Dibutyl adipate,0.5842934321690273,0.6927899642508728,0.4208003489176432,0.9113459739586147,0.4500391960144043,0.0052145360969007015,0.303026819229126,0.002892102673649788,0.5194500000000001,0.46555488580805077
354,COc1ccccc1O,Guaiacol,0.42855324778523474,0.2880209850124032,0.3074112701416015,0.5412335049621794,0.0925973892211914,0.22501941025257113,0.04211575090885162,0.20402157306671137,0.36673333333333336,0.22750519054316523
355,CC(O)C(=O)N(C)C,Dimethyl lactamide,0.40682824675019796,0.2917317946507079,0.3649464416503906,0.8841595464259671,0.5644335269927979,0.06278538703918457,0.5284249782562256,0.04082433879375458,0.20461666666666667,0.19881320742080227
356,CCC(=O)OC,Methyl propionate ,0.27076903256503015,0.2168444376702818,0.2383611043294271,0.7438820993065731,0.2434847831726074,0.005502711981534958,0.14752026796340942,0.009465578198432922,0.29745,0.14477931819703965
357,CCOC(C)OCC,Acetal,0.3483908859999863,0.32381831098812325,0.19093448638916014,0.7557150627274707,0.2515521287918091,0.0058635990135371685,0.21156737804412842,0.0063748955726623535,0.3671166666666667,0.2144799410622194
358,O=COCc1ccccc1,Benzyl formate,0.4287491511631678,0.324718670424898,0.3261853281656901,0.6735341938384772,0.15612766742706302,0.008604814298450947,0.0696189284324646,0.007774331420660018,0.3633,0.2451610742749985
359,CCCCCCCCCCCCCCCCCC(=O)OC,Methyl stearate,0.5843271775679155,0.8926971491956446,0.2696790822347005,0.7653276877044705,0.2602873802185059,0.006319854408502579,0.1685549020767212,0.004507385194301606,0.7850750000000005,0.608612952916751
360,OCCCl,2-Chloroethanol,0.3024391894573931,0.16071603664947406,0.30755065917968744,0.5640835737811148,0.2259595394134521,0.299590528011322,0.2029748439788818,0.26129729747772223,0.268125,0.11463264349340299
361,CCCCCCOC(=O)CCCCC,Hexyl hexanoate,0.45303326720124354,0.5701703478800831,0.24139686584472653,0.7674928663512603,0.26034500598907473,0.007010658737272024,0.1774413466453552,0.006665745377540588,0.5575166666666669,0.3921572567142191
362,c1ccc2ccccc2c1,Naphthalene,0.39862744791524385,0.31665579967612384,0.19399406433105468,0.5610546014797306,0.0008073041215538978,0.004165016580373049,0.00463419109582901,0.007476978003978731,0.4866500000000001,0.28971937579532536
363,OCCCCCCO,"1,6-Hexanediol",0.43384120514342833,0.3175272335382329,0.44915267944335935,0.7196287519476388,0.6057690143585205,0.49093303084373474,0.6274635314941406,0.40331716537475576,0.2942833333333333,0.21398164891835764
364,CCOC(=O)C(C)C,Ethyl isobutyrate,0.3408612938194008,0.3055943214665646,0.21977213541666665,0.7594537627830934,0.2529791116714478,0.005767202004790306,0.1653523325920105,0.0067139811813831315,0.3504583333333333,0.20615497957270093
365,CCC[N+](=O)[O-],1-Nitropropane,0.2865433059372268,0.20357718852590206,0.2368260955810547,0.6391365047972473,0.04865493178367615,0.013425546698272225,6.750220782123507e-05,0.01173466295003891,0.30609166666666665,0.14374388855401513
366,FC(F)(F)C(F)(F)C(F)(F)C(F)(F)C(F)(F)C(F)(F)F,Perfluorohexane,0.2887613323184993,0.491006126881723,0.038059994379679364,0.5324415159101824,0.0,0.009453016333281994,0.0102935329079628,0.011208358407020568,0.6376833333333334,0.20901480141986478
367,C=CC(C)(O)CCC=C(C)C,L-Linalool,0.44428870727965886,0.4505596807248345,0.2873122406005859,0.6309961032125594,0.234086799621582,0.21323028206825262,0.22035233974456778,0.17455629110336304,0.47248333333333337,0.3268086531377673
368,CCN,Ethylamine,0.21559067039222987,0.12999126303487304,0.23227559407552079,0.7967803117625138,0.4361274719238281,0.02726955898106099,0.5926504135131836,0.010103551298379898,0.24708333333333335,0.09402183376866921
369,C=CCCCCCCCC(=O)N(C)C,"N,N'-Dimethyl decan-9-enamide",0.5258315293105332,0.5742177973050164,0.3464811197916667,0.9120772946159079,0.549267578125,0.011417512781918049,0.5562818050384523,0.005512763187289238,0.4992750000000002,0.4053311901413171
370,CCCC(C)C,2-Methylpentane,0.24356020413912258,0.27705740874786594,0.03675842920939128,0.5863971425833739,0.0031469319015741347,0.0030074676033109426,0.0005806127563118934,0.006815088540315628,0.45354166666666673,0.1946018351081641
371,CCOC(=O)CC(C)C,Ethyl isovalerate,0.3695299108545263,0.35049395855997456,0.23019900004069016,0.7631990734420157,0.2582871675491333,0.006036158185452223,0.17186007499694825,0.006416819244623184,0.3829666666666667,0.2370772218873484
372,CC1=CCC(C(C)C)=CC1,γ-Terpinene,0.36703245122949557,0.3947298743686139,0.10875240325927735,0.5957574024216925,0.002974436990916729,0.004988586530089378,0.002593835443258286,0.006982009112834931,0.5257416666666669,0.30287321679726764
373,FC(F)(F)c1ccccc1,"α,α,α-Trifluorotoluene",0.33290448222126984,0.2932037710776244,0.1458272043863932,0.5227209905560097,0.002080889604985714,0.009383822791278362,0.0010876883752644062,0.007836451381444932,0.4754500000000001,0.20597414774629963
374,C[Si](C)(C)C,Tetramethylsilane,0.20509081620436445,0.2718890384620013,0.08376341501871747,0.6134151171896102,0.048789793252944955,0.006154128350317479,0.04200895130634308,0.006967517733573914,0.41286666666666666,0.19101198848034276
375,CC1=CC=C(C(C)C)CC1,α-Terpinene,0.36649715983784287,0.3930926492361592,0.10907418568929034,0.5945171601007803,0.00276429820805788,0.005123499780893327,0.0031105449423193938,0.006992220133543015,0.5257416666666669,0.30287321679726764
376,COc1ccccc1OC,"1,2-Dimethoxybenzene",0.43383443605649713,0.3343370037662541,0.27727747599283853,0.6750214064852781,0.1331277012825012,0.007159069180488586,0.08452377915382386,0.0091573566198349,0.39198333333333335,0.26023709061683753
377,CCOC(=O)C(Cl)(Cl)Cl,Ethyl trichloroacetate,0.38772401609620843,0.35274589132738693,0.19595216115315753,0.6122677901127056,0.05166350603103638,0.010679855942726135,0.010832241177558898,0.0070420317351818085,0.409975,0.24266961355568958
378,Cc1ccnc(C)c1,"2,4-Dimethylpyridine",0.3691761510355489,0.2817846561854173,0.22689834594726557,0.7481758922158178,0.3155919075012207,0.006632439326494932,0.3783978939056396,0.008427607268095017,0.39153666666666664,0.2211573236889692
379,CCOC(=O)CCCCC(=O)OCC,Diethyl adipate,0.5098672880159391,0.5118553238400788,0.4251476542154948,0.9111073987692107,0.4490033149719238,0.00507201673462987,0.2877861499786376,0.0032703932374715796,0.3894166666666667,0.34186591654946114
380,COCCOC(C)=O,2-Methoxyethyl acetate,0.3619192897023021,0.28514196584297663,0.32058283487955724,0.8153437925188729,0.3444847583770752,0.00634447019547224,0.23529107570648197,0.009707041829824448,0.26632500000000003,0.18631705846895713
381,Fc1c(F)c(F)c(F)c(F)c1F,Hexafluorobenzene,0.28998640367201156,0.29814503016132043,0.0929176902770996,0.5014810232427889,0.0,0.023668533191084862,0.0,0.010004884004592896,0.4601,0.1707856138235885
382,CC1(C)CCC(C)(C)O1,Tetramethyloxolane,0.37633591098385255,0.35850640541965106,0.14992078145345056,0.7083820550732295,0.1942161560058594,0.008292818441987038,0.1732875108718872,0.005658657476305963,0.44616666666666666,0.25307748978635053
383,CN(C)C(=O)N(C)C,"1,1,3,3-Tetramethyl urea",0.3856748500904003,0.3059736758341999,0.3024829610188802,0.9050728246479479,0.5650718688964844,0.007691329810768366,0.588151502609253,0.010301080346107482,0.26913333333333334,0.21485499966512614
384,Fc1ccc(F)cc1,p-Difluorobenzene,0.2935933266486321,0.23442806887122286,0.1435271453857422,0.5219057515044612,0.0,0.010555258952081203,0.0,0.008128974586725233,0.41373333333333334,0.1719107896323086
385,CCCOC=O,Propyl formate,0.27272866655896594,0.21654306953510086,0.23336919148763022,0.7188326935368359,0.1925367951393127,0.007433626800775527,0.08885086178779603,0.009039204567670822,0.29745,0.1447793181970397
386,CCCCCCCCCCCC(=O)OCCCC,Butyl laurate,0.5303773546552324,0.7552975356689001,0.25065689086914056,0.768406415459609,0.2613471746444702,0.007121484726667404,0.16815459728240967,0.004829972237348556,0.6875500000000004,0.5158462259728087
387,CC(C)C12CCC(C)(CC1)O2,"1,4-Cineol",0.43337090365536557,0.4245918792580452,0.1436863072713216,0.6817806906605344,0.15115436315536498,0.008106732740998268,0.1254158139228821,0.006641720980405807,0.47867500000000013,0.300294688902284
388,CCCCC(=O)CCCC,5-Nonanone,0.38675556983147463,0.41845934404242724,0.20756072998046873,0.7623850295743555,0.263341236114502,0.006396506447345018,0.19154223203659057,0.006541755050420763,0.4946583333333334,0.290449400575983
389,C1COCOC1,"1,3-Dioxane",0.3096876144409179,0.20209841161176734,0.24497019449869792,0.7864783376893197,0.3279692888259888,0.00651283748447895,0.276607060432434,0.01175393834710121,0.28173333333333334,0.13862433862433857
390,CCCCOC=O,Butyl formate,0.301043523775114,0.26265933572890987,0.23284456888834634,0.728559215417069,0.1986567974090576,0.00704801082611084,0.09521693587303162,0.006565309315919876,0.32995833333333335,0.175701560511687
391,CCCOCCC,Di-n-propyl ether,0.2915399591405909,0.29578306739103577,0.10940989176432293,0.6716561478175475,0.1224084615707397,0.004791999235749245,0.09725117683410645,0.004959140345454216,0.4019166666666667,0.20568615631906756
392,CN(C)P(=O)(N(C)C)N(C)C,Hexamethylphosphoramide,0.5228249209744112,0.4645067592204829,0.36413088480631517,0.9937096730119315,0.7282107830047607,0.005957971792668104,0.8260581970214844,0.011340418457984924,0.3149416666666667,0.3213281093027931
393,ClC=CCl,"E-1,2-Dichloroethylene",0.2472169449279358,0.17596708506523254,0.13290073394775392,0.4966849027879298,0.0,0.034335806965827935,0.0,0.009798633307218552,0.41126666666666667,0.13499430714620586
394,CCCCCCCCC=CCCCCCCCC(=O)OCC,Ethyl oleate,0.6090165384999522,0.921935546273298,0.31101247151692707,0.7843910850320485,0.2691820859909058,0.006400212179869413,0.17815979719161987,0.00282810889184475,0.7989166666666673,0.6389056325765192
395,Cc1cccc(C)n1,"2,6-Dimethylpyridine",0.3622350692749023,0.28286919287279855,0.21542058308919276,0.7279088210729865,0.2798396348953247,0.007047046907246113,0.3295604228973388,0.007429189234972,0.39153666666666664,0.2211573236889692
396,COC(=O)C(C)C,Methyl isobutyrate,0.3028115225838614,0.2621819854003003,0.2274393971761068,0.7473996161590286,0.2376105785369873,0.005764976143836975,0.14173744916915892,0.0069748848676681515,0.31795,0.17523273725805358
397,CCCCCCCCCCCC(=O)OCC,Ethyl laurate,0.49390471398413593,0.6619042196565643,0.24727615356445312,0.7701597749517205,0.2630008220672607,0.006319851148873568,0.17430223226547242,0.005683708190917968,0.6225333333333337,0.4540017413435139
398,Fc1ccccn1,2-Fluoropyridine,0.3227094370168406,0.20651227254156562,0.212822265625,0.639182663623279,0.1745611310005188,0.010433336719870567,0.17360528707504272,0.008879667520523073,0.351725,0.1574241510950371
399,CCN(CC)C(C)=O,"N,N-Diethyl acetamide",0.39993361493090646,0.3185874827712633,0.28804850260416665,0.902595348572463,0.5638365745544434,0.0110982246696949,0.5972951889038086,0.009315734356641769,0.32289166666666663,0.2204272989083115
400,CC1CCC(C)O1,"2,5-Dimethyltetrahydrofuran",0.3123801104672305,0.27359401775743236,0.14104208628336587,0.7141121128250425,0.2061056137084961,0.006525360979139805,0.18937016725540162,0.006260300427675248,0.38115000000000004,0.19123300515705566
401,CC1(C)OCCO1,"2,2-Dimethyl-1,3-dioxolane",0.33582666036965964,0.2528853119705022,0.23390861511230468,0.7588015715418546,0.2737717628479004,0.008496839553117752,0.214230489730835,0.009391611069440841,0.3141083333333333,0.169399236487844
402,CCCCCCl,1-Chloropentane,0.28740618112203953,0.27666122552476446,0.1169189453125,0.5941862693199744,0.006519123911857605,0.003801073646172881,0.0013054020702838898,0.0050795689225196835,0.4512833333333334,0.19794387515906495
403,COC(=O)C(C)(C)C,Methyl pivalate,0.34000348711347245,0.3062147954132652,0.22303181966145832,0.7505562699036858,0.2413492918014526,0.006688718218356371,0.1530842065811157,0.007819819450378417,0.3504583333333333,0.20615497957270093
404,COC(=O)CCC(C)=O,Methyl levulinate,0.41267343667837286,0.3147823437941249,0.3950286865234375,0.8487362082703112,0.3838142871856689,0.00691789761185646,0.223313045501709,0.007668417692184448,0.29405,0.20923581809657743
405,CC(C)CCC(C)C,"2,5-Dimethylhexane",0.298772345056067,0.36640333801256997,0.040179017384847006,0.5777711944530622,0.0006152208894491196,0.004768094979226588,0.0034388665109872816,0.006490720808506012,0.5065500000000002,0.25597749648382556
406,CCC=CCC=CCC=CCCCCCCCC(=O)OC,Methyl linolenate,0.6308319385235126,0.8535037163127053,0.3772373453776041,0.7992038479527216,0.2537225008010864,0.003611052175983786,0.1577135443687439,0.0011421399191021918,0.7290750000000005,0.6067242649521134
407,C1COC2(CCC3COC2O3)O1,"Spiro[6,​8-​dioxabicyclo[3.2.1]​octane-​4,​2'-​[1,​3]​dioxolane]",0.5255807729867789,0.371750338607854,0.3797310638427735,0.8638007346163975,0.41084818840026865,0.007590044755488634,0.2895099639892578,0.008784990757703783,0.2720666666666667,0.2531109771616102
408,C1COC2(CCC3COC2O3)OC1,"Spiro[6,​8-​dioxabicyclo[3.2.1]​octane-​4,​2'-​[1,​3]​dioxane]",0.550399313439856,0.4122454536893966,0.3720433044433594,0.8798399705153245,0.4290106773376465,0.007483603898435831,0.3184350967407226,0.007756134867668152,0.304575,0.2840332194762576
409,C1CCOC2(CCC3COC2O3)OC1,"Spiro[6,​8-​dioxabicyclo[3.2.1]​octane-​4,​2'-​[1,​3]​dioxepane]",0.5689244036907917,0.4520699529829984,0.3576113891601562,0.8785469958569948,0.4185612201690674,0.006899953819811344,0.3091124534606934,0.0073905810713768005,0.33708333333333335,0.3149554617909051
410,CC(F)(F)CC(F)(F)F,"1,1,1,3,3-Pentafluorobutane",0.2695954129412457,0.2628721251676743,0.171564203898112,0.5190296362676596,0.003019233234226704,0.0228063277900219,0.0002157622948288918,0.0074925050139427185,0.4661666666666668,0.13798807849440758
411,O=C1CCC2OCC1O2,"(1R,5R)-6,8-Dioxabicyclo[3.2.1]octan-2-one",0.4554834432535238,0.2719743736080625,0.38179318745930985,0.8315724279721852,0.37083077430725103,0.005525075364857913,0.22281546592712398,0.01074593961238861,0.25756666666666667,0.1886276873618645
